SET @OLD_UNIQUE_CHECKS=@@UNIQUE_CHECKS, UNIQUE_CHECKS=0;
SET @OLD_FOREIGN_KEY_CHECKS=@@FOREIGN_KEY_CHECKS, FOREIGN_KEY_CHECKS=0;

USE `subletapp`;

#
# Dumping data for table 'property'
#

INSERT INTO property(id,sqft,pets,rate,isOpen,address,city,state,zipcode,landlordID,description) VALUES (1,206,'true',1359,'true','2305 Crest Line Center','Los Angeles','California',90040,65,'vestibulum eget vulputate ut ultrices vel augue vestibulum ante ipsum primis in faucibus orci luctus et ultrices');
INSERT INTO property(id,sqft,pets,rate,isOpen,address,city,state,zipcode,landlordID,description) VALUES (2,240,'true',1593,'true','9533 Oneill Park','Macon','Georgia',31296,121,'tortor id nulla ultrices aliquet maecenas leo odio condimentum id luctus nec molestie sed justo');
INSERT INTO property(id,sqft,pets,rate,isOpen,address,city,state,zipcode,landlordID,description) VALUES (3,250,'true',707,'true','4727 Kinsman Parkway','Cedar Rapids','Iowa',52410,137,'morbi non quam nec dui luctus rutrum nulla tellus in sagittis dui vel nisl');
INSERT INTO property(id,sqft,pets,rate,isOpen,address,city,state,zipcode,landlordID,description) VALUES (4,212,'true',708,'false','349 Straubel Way','El Paso','Texas',88546,122,'sapien varius ut blandit non interdum in ante vestibulum ante ipsum primis in faucibus orci luctus et ultrices posuere cubilia');
INSERT INTO property(id,sqft,pets,rate,isOpen,address,city,state,zipcode,landlordID,description) VALUES (5,329,'false',1426,'true','3252 Manley Avenue','Hot Springs National Park','Arkansas',71914,105,'quam a odio in hac habitasse platea dictumst maecenas ut massa quis augue luctus tincidunt nulla mollis molestie lorem quisque');
INSERT INTO property(id,sqft,pets,rate,isOpen,address,city,state,zipcode,landlordID,description) VALUES (6,453,'false',806,'false','21974 Rowland Place','Sacramento','California',94250,86,'posuere nonummy integer non velit donec diam neque vestibulum eget vulputate ut ultrices vel augue vestibulum ante');
INSERT INTO property(id,sqft,pets,rate,isOpen,address,city,state,zipcode,landlordID,description) VALUES (7,238,'false',757,'false','999 Haas Lane','Alexandria','Virginia',22333,90,'pede justo lacinia eget tincidunt eget tempus vel pede morbi porttitor lorem id ligula suspendisse ornare consequat lectus in est');
INSERT INTO property(id,sqft,pets,rate,isOpen,address,city,state,zipcode,landlordID,description) VALUES (8,244,'true',1506,'false','1361 Starling Plaza','Appleton','Wisconsin',54915,138,'mollis molestie lorem quisque ut erat curabitur gravida nisi at');
INSERT INTO property(id,sqft,pets,rate,isOpen,address,city,state,zipcode,landlordID,description) VALUES (9,341,'false',870,'true','14864 Autumn Leaf Way','Scranton','Pennsylvania',18505,97,'dui vel nisl duis ac nibh fusce lacus purus aliquet at feugiat non');
INSERT INTO property(id,sqft,pets,rate,isOpen,address,city,state,zipcode,landlordID,description) VALUES (10,371,'true',949,'false','0770 Reinke Alley','Evansville','Indiana',47705,108,'lacinia erat vestibulum sed magna at nunc commodo placerat praesent blandit nam nulla');
INSERT INTO property(id,sqft,pets,rate,isOpen,address,city,state,zipcode,landlordID,description) VALUES (11,212,'false',860,'false','2477 Vernon Park','Cedar Rapids','Iowa',52405,73,'duis at velit eu est congue elementum in hac habitasse platea dictumst morbi vestibulum velit id pretium iaculis diam erat');
INSERT INTO property(id,sqft,pets,rate,isOpen,address,city,state,zipcode,landlordID,description) VALUES (12,420,'true',801,'true','98 Anhalt Point','San Jose','California',95173,9,'nisi nam ultrices libero non mattis pulvinar nulla pede ullamcorper augue');
INSERT INTO property(id,sqft,pets,rate,isOpen,address,city,state,zipcode,landlordID,description) VALUES (13,423,'true',1069,'false','1618 Saint Paul Road','San Diego','California',92153,110,'at turpis a pede posuere nonummy integer non velit donec diam neque');
INSERT INTO property(id,sqft,pets,rate,isOpen,address,city,state,zipcode,landlordID,description) VALUES (14,347,'true',1322,'true','02 Judy Plaza','Salt Lake City','Utah',84199,92,'augue a suscipit nulla elit ac nulla sed vel enim sit amet');
INSERT INTO property(id,sqft,pets,rate,isOpen,address,city,state,zipcode,landlordID,description) VALUES (15,305,'false',870,'false','8 Division Center','Hartford','Connecticut',06160,138,'dictumst etiam faucibus cursus urna ut tellus nulla ut erat id mauris vulputate elementum nullam varius nulla facilisi');
INSERT INTO property(id,sqft,pets,rate,isOpen,address,city,state,zipcode,landlordID,description) VALUES (16,406,'true',644,'true','78 Del Mar Way','Louisville','Kentucky',40287,95,'ac leo pellentesque ultrices mattis odio donec vitae nisi nam ultrices libero non mattis');
INSERT INTO property(id,sqft,pets,rate,isOpen,address,city,state,zipcode,landlordID,description) VALUES (17,293,'true',1471,'false','601 South Hill','Athens','Georgia',30610,134,'nec nisi volutpat eleifend donec ut dolor morbi vel lectus in quam fringilla rhoncus mauris enim leo rhoncus');
INSERT INTO property(id,sqft,pets,rate,isOpen,address,city,state,zipcode,landlordID,description) VALUES (18,449,'true',1233,'false','6 Texas Crossing','Fort Wayne','Indiana',46857,42,'potenti cras in purus eu magna vulputate luctus cum sociis natoque penatibus et');
INSERT INTO property(id,sqft,pets,rate,isOpen,address,city,state,zipcode,landlordID,description) VALUES (19,238,'false',1579,'false','2108 Lakewood Road','Fort Smith','Arkansas',72916,194,'in eleifend quam a odio in hac habitasse platea dictumst maecenas ut massa quis augue luctus tincidunt nulla mollis molestie');
INSERT INTO property(id,sqft,pets,rate,isOpen,address,city,state,zipcode,landlordID,description) VALUES (20,435,'false',867,'true','75546 Iowa Parkway','Minneapolis','Minnesota',55470,12,'arcu sed augue aliquam erat volutpat in congue etiam justo etiam pretium');
INSERT INTO property(id,sqft,pets,rate,isOpen,address,city,state,zipcode,landlordID,description) VALUES (21,390,'false',778,'true','15 Ridge Oak Circle','Portland','Oregon',97271,14,'phasellus in felis donec semper sapien a libero nam dui proin leo odio porttitor id consequat in consequat ut nulla');
INSERT INTO property(id,sqft,pets,rate,isOpen,address,city,state,zipcode,landlordID,description) VALUES (22,465,'true',635,'false','4430 Nevada Junction','Atlanta','Georgia',30316,110,'sem fusce consequat nulla nisl nunc nisl duis bibendum felis sed interdum venenatis turpis enim blandit mi in porttitor');
INSERT INTO property(id,sqft,pets,rate,isOpen,address,city,state,zipcode,landlordID,description) VALUES (23,201,'true',1009,'true','5416 Clemons Center','Tyler','Texas',75705,100,'in libero ut massa volutpat convallis morbi odio odio elementum');
INSERT INTO property(id,sqft,pets,rate,isOpen,address,city,state,zipcode,landlordID,description) VALUES (24,326,'false',1273,'false','47267 Mendota Court','El Paso','Texas',79945,161,'quisque porta volutpat erat quisque erat eros viverra eget congue eget semper rutrum nulla nunc purus phasellus');
INSERT INTO property(id,sqft,pets,rate,isOpen,address,city,state,zipcode,landlordID,description) VALUES (25,397,'true',1536,'true','8857 Scoville Way','Lexington','Kentucky',40596,119,'faucibus orci luctus et ultrices posuere cubilia curae duis faucibus accumsan odio curabitur convallis duis consequat dui nec nisi');
INSERT INTO property(id,sqft,pets,rate,isOpen,address,city,state,zipcode,landlordID,description) VALUES (26,250,'false',1019,'true','76 Valley Edge Plaza','Charleston','West Virginia',25313,117,'aliquam augue quam sollicitudin vitae consectetuer eget rutrum at lorem integer tincidunt ante vel');
INSERT INTO property(id,sqft,pets,rate,isOpen,address,city,state,zipcode,landlordID,description) VALUES (27,284,'false',754,'false','0 Blackbird Trail','Oklahoma City','Oklahoma',73135,32,'eros viverra eget congue eget semper rutrum nulla nunc purus phasellus in felis donec semper sapien a');
INSERT INTO property(id,sqft,pets,rate,isOpen,address,city,state,zipcode,landlordID,description) VALUES (28,228,'true',849,'false','52 Union Terrace','Chicago','Illinois',60681,163,'cubilia curae mauris viverra diam vitae quam suspendisse potenti nullam porttitor lacus at turpis donec posuere metus vitae ipsum');
INSERT INTO property(id,sqft,pets,rate,isOpen,address,city,state,zipcode,landlordID,description) VALUES (29,354,'false',912,'true','1 Blackbird Crossing','Suffolk','Virginia',23436,188,'quam sollicitudin vitae consectetuer eget rutrum at lorem integer tincidunt ante vel ipsum praesent blandit');
INSERT INTO property(id,sqft,pets,rate,isOpen,address,city,state,zipcode,landlordID,description) VALUES (30,299,'false',1584,'false','9642 Carpenter Avenue','Washington','District of Columbia',20380,90,'adipiscing elit proin risus praesent lectus vestibulum quam sapien varius ut blandit non');
INSERT INTO property(id,sqft,pets,rate,isOpen,address,city,state,zipcode,landlordID,description) VALUES (31,206,'true',611,'false','4 Melrose Hill','Flushing','New York',11355,33,'nulla ac enim in tempor turpis nec euismod scelerisque quam turpis adipiscing lorem vitae mattis nibh');
INSERT INTO property(id,sqft,pets,rate,isOpen,address,city,state,zipcode,landlordID,description) VALUES (32,412,'true',790,'true','77 Carpenter Street','Lexington','Kentucky',40576,180,'dolor morbi vel lectus in quam fringilla rhoncus mauris enim leo rhoncus sed vestibulum sit amet');
INSERT INTO property(id,sqft,pets,rate,isOpen,address,city,state,zipcode,landlordID,description) VALUES (33,466,'false',617,'true','43 Tomscot Lane','San Antonio','Texas',78260,76,'enim leo rhoncus sed vestibulum sit amet cursus id turpis integer aliquet massa id lobortis convallis tortor risus');
INSERT INTO property(id,sqft,pets,rate,isOpen,address,city,state,zipcode,landlordID,description) VALUES (34,396,'false',1599,'true','79425 Sundown Way','Washington','District of Columbia',20051,59,'placerat ante nulla justo aliquam quis turpis eget elit sodales scelerisque mauris sit amet eros suspendisse accumsan tortor quis');
INSERT INTO property(id,sqft,pets,rate,isOpen,address,city,state,zipcode,landlordID,description) VALUES (35,458,'true',985,'false','2309 Division Terrace','Washington','District of Columbia',20073,149,'in leo maecenas pulvinar lobortis est phasellus sit amet erat nulla tempus vivamus in felis');
INSERT INTO property(id,sqft,pets,rate,isOpen,address,city,state,zipcode,landlordID,description) VALUES (36,499,'true',1452,'true','7 Nova Crossing','Los Angeles','California',90010,18,'odio in hac habitasse platea dictumst maecenas ut massa quis augue luctus tincidunt nulla mollis molestie lorem quisque');
INSERT INTO property(id,sqft,pets,rate,isOpen,address,city,state,zipcode,landlordID,description) VALUES (37,248,'true',954,'true','3659 Gina Pass','Washington','District of Columbia',20404,50,'dolor quis odio consequat varius integer ac leo pellentesque ultrices mattis odio donec');
INSERT INTO property(id,sqft,pets,rate,isOpen,address,city,state,zipcode,landlordID,description) VALUES (38,211,'true',880,'true','53242 Sunfield Park','Oakland','California',94622,157,'vitae nisl aenean lectus pellentesque eget nunc donec quis orci eget orci vehicula condimentum curabitur in libero ut massa volutpat');
INSERT INTO property(id,sqft,pets,rate,isOpen,address,city,state,zipcode,landlordID,description) VALUES (39,283,'true',762,'true','629 Dayton Center','Olympia','Washington',98516,194,'odio justo sollicitudin ut suscipit a feugiat et eros vestibulum ac est lacinia nisi');
INSERT INTO property(id,sqft,pets,rate,isOpen,address,city,state,zipcode,landlordID,description) VALUES (40,486,'true',948,'false','7554 Vera Junction','Los Angeles','California',90087,77,'pretium iaculis justo in hac habitasse platea dictumst etiam faucibus');
INSERT INTO property(id,sqft,pets,rate,isOpen,address,city,state,zipcode,landlordID,description) VALUES (41,459,'false',1007,'false','66 Mitchell Plaza','Saint Louis','Missouri',63150,127,'velit eu est congue elementum in hac habitasse platea dictumst morbi vestibulum velit id');
INSERT INTO property(id,sqft,pets,rate,isOpen,address,city,state,zipcode,landlordID,description) VALUES (42,277,'true',1285,'false','82377 Clyde Gallagher Drive','Reston','Virginia',20195,129,'et eros vestibulum ac est lacinia nisi venenatis tristique fusce congue diam id ornare imperdiet sapien urna pretium nisl');
INSERT INTO property(id,sqft,pets,rate,isOpen,address,city,state,zipcode,landlordID,description) VALUES (43,241,'false',961,'true','6811 Badeau Court','Huntington','West Virginia',25711,112,'venenatis lacinia aenean sit amet justo morbi ut odio cras mi pede malesuada in imperdiet et commodo vulputate justo');
INSERT INTO property(id,sqft,pets,rate,isOpen,address,city,state,zipcode,landlordID,description) VALUES (44,277,'false',680,'false','63598 Russell Way','New York City','New York',10160,174,'convallis nunc proin at turpis a pede posuere nonummy integer');
INSERT INTO property(id,sqft,pets,rate,isOpen,address,city,state,zipcode,landlordID,description) VALUES (45,204,'true',1399,'false','07170 Village Green Pass','Wilmington','Delaware',19805,132,'mus etiam vel augue vestibulum rutrum rutrum neque aenean auctor gravida sem praesent id massa id');
INSERT INTO property(id,sqft,pets,rate,isOpen,address,city,state,zipcode,landlordID,description) VALUES (46,286,'false',1124,'true','10611 Eggendart Lane','San Bernardino','California',92410,132,'leo odio condimentum id luctus nec molestie sed justo pellentesque viverra pede ac diam cras pellentesque volutpat dui maecenas');
INSERT INTO property(id,sqft,pets,rate,isOpen,address,city,state,zipcode,landlordID,description) VALUES (47,409,'false',1213,'false','964 Spaight Circle','Seattle','Washington',98115,116,'quis orci eget orci vehicula condimentum curabitur in libero ut massa volutpat convallis morbi odio odio elementum eu interdum eu');
INSERT INTO property(id,sqft,pets,rate,isOpen,address,city,state,zipcode,landlordID,description) VALUES (48,239,'false',861,'false','90976 Ridgeview Street','Grand Rapids','Michigan',49544,63,'nunc donec quis orci eget orci vehicula condimentum curabitur in libero');
INSERT INTO property(id,sqft,pets,rate,isOpen,address,city,state,zipcode,landlordID,description) VALUES (49,385,'false',666,'false','9 Muir Pass','Miami','Florida',33124,176,'at nibh in hac habitasse platea dictumst aliquam augue quam sollicitudin vitae consectetuer eget rutrum at lorem');
INSERT INTO property(id,sqft,pets,rate,isOpen,address,city,state,zipcode,landlordID,description) VALUES (50,413,'false',848,'false','8 Sunfield Alley','El Paso','Texas',79945,91,'interdum mauris non ligula pellentesque ultrices phasellus id sapien in sapien iaculis congue vivamus metus arcu adipiscing molestie hendrerit');
INSERT INTO property(id,sqft,pets,rate,isOpen,address,city,state,zipcode,landlordID,description) VALUES (51,366,'false',1187,'false','3921 7th Avenue','El Paso','Texas',79945,30,'sem mauris laoreet ut rhoncus aliquet pulvinar sed nisl nunc rhoncus dui vel sem sed sagittis nam');
INSERT INTO property(id,sqft,pets,rate,isOpen,address,city,state,zipcode,landlordID,description) VALUES (52,222,'false',1357,'false','07575 Manufacturers Drive','Evansville','Indiana',47747,52,'pede justo eu massa donec dapibus duis at velit eu est congue elementum in');
INSERT INTO property(id,sqft,pets,rate,isOpen,address,city,state,zipcode,landlordID,description) VALUES (53,439,'true',767,'false','5545 Summer Ridge Drive','Indianapolis','Indiana',46295,36,'et ultrices posuere cubilia curae donec pharetra magna vestibulum aliquet ultrices erat tortor sollicitudin mi sit');
INSERT INTO property(id,sqft,pets,rate,isOpen,address,city,state,zipcode,landlordID,description) VALUES (54,413,'false',1281,'true','9177 Mendota Hill','Cleveland','Ohio',44197,173,'venenatis lacinia aenean sit amet justo morbi ut odio cras mi pede malesuada in imperdiet');
INSERT INTO property(id,sqft,pets,rate,isOpen,address,city,state,zipcode,landlordID,description) VALUES (55,320,'true',942,'true','24 Johnson Way','Olympia','Washington',98516,184,'quam pharetra magna ac consequat metus sapien ut nunc vestibulum ante ipsum primis in faucibus orci luctus et ultrices');
INSERT INTO property(id,sqft,pets,rate,isOpen,address,city,state,zipcode,landlordID,description) VALUES (56,428,'false',686,'true','08 Messerschmidt Alley','Orlando','Florida',32825,146,'cras non velit nec nisi vulputate nonummy maecenas tincidunt lacus at velit vivamus vel nulla eget eros elementum');
INSERT INTO property(id,sqft,pets,rate,isOpen,address,city,state,zipcode,landlordID,description) VALUES (57,498,'true',1022,'true','2 Rockefeller Road','Orlando','Florida',32803,141,'ligula sit amet eleifend pede libero quis orci nullam molestie nibh in');
INSERT INTO property(id,sqft,pets,rate,isOpen,address,city,state,zipcode,landlordID,description) VALUES (58,303,'false',698,'false','28 Maple Point','Duluth','Georgia',30195,190,'varius ut blandit non interdum in ante vestibulum ante ipsum primis in faucibus orci');
INSERT INTO property(id,sqft,pets,rate,isOpen,address,city,state,zipcode,landlordID,description) VALUES (59,225,'true',1083,'false','913 Independence Street','San Francisco','California',94126,163,'est quam pharetra magna ac consequat metus sapien ut nunc vestibulum ante ipsum primis in faucibus orci');
INSERT INTO property(id,sqft,pets,rate,isOpen,address,city,state,zipcode,landlordID,description) VALUES (60,454,'false',1431,'true','12 Sutteridge Court','New York City','New York',10125,139,'curae mauris viverra diam vitae quam suspendisse potenti nullam porttitor lacus');
INSERT INTO property(id,sqft,pets,rate,isOpen,address,city,state,zipcode,landlordID,description) VALUES (61,372,'false',1470,'true','2 Hooker Lane','Kansas City','Missouri',64142,38,'vestibulum sagittis sapien cum sociis natoque penatibus et magnis dis parturient montes');
INSERT INTO property(id,sqft,pets,rate,isOpen,address,city,state,zipcode,landlordID,description) VALUES (62,288,'false',1050,'true','90 Meadow Valley Lane','Saint Louis','Missouri',63180,29,'in felis donec semper sapien a libero nam dui proin leo odio porttitor id consequat in consequat');
INSERT INTO property(id,sqft,pets,rate,isOpen,address,city,state,zipcode,landlordID,description) VALUES (63,475,'false',1486,'false','5 Johnson Pass','Visalia','California',93291,105,'in felis eu sapien cursus vestibulum proin eu mi nulla ac enim in tempor turpis nec euismod scelerisque quam turpis');
INSERT INTO property(id,sqft,pets,rate,isOpen,address,city,state,zipcode,landlordID,description) VALUES (64,392,'true',909,'true','5142 Lukken Avenue','Des Moines','Iowa',50362,121,'nascetur ridiculus mus vivamus vestibulum sagittis sapien cum sociis natoque penatibus et magnis dis parturient montes nascetur ridiculus mus etiam');
INSERT INTO property(id,sqft,pets,rate,isOpen,address,city,state,zipcode,landlordID,description) VALUES (65,210,'true',1195,'false','2391 John Wall Way','Philadelphia','Pennsylvania',19196,81,'purus aliquet at feugiat non pretium quis lectus suspendisse potenti in eleifend');
INSERT INTO property(id,sqft,pets,rate,isOpen,address,city,state,zipcode,landlordID,description) VALUES (66,478,'true',1059,'false','3172 Artisan Park','Fort Smith','Arkansas',72916,132,'mauris sit amet eros suspendisse accumsan tortor quis turpis sed ante vivamus tortor');
INSERT INTO property(id,sqft,pets,rate,isOpen,address,city,state,zipcode,landlordID,description) VALUES (67,476,'false',782,'true','4033 Holmberg Parkway','College Station','Texas',77844,129,'mattis odio donec vitae nisi nam ultrices libero non mattis pulvinar nulla pede ullamcorper');
INSERT INTO property(id,sqft,pets,rate,isOpen,address,city,state,zipcode,landlordID,description) VALUES (68,278,'true',703,'true','4723 Melody Circle','Houston','Texas',77015,148,'pulvinar sed nisl nunc rhoncus dui vel sem sed sagittis nam congue risus semper porta volutpat');
INSERT INTO property(id,sqft,pets,rate,isOpen,address,city,state,zipcode,landlordID,description) VALUES (69,398,'false',946,'true','3 Evergreen Hill','New Orleans','Louisiana',70129,184,'donec pharetra magna vestibulum aliquet ultrices erat tortor sollicitudin mi sit amet lobortis sapien');
INSERT INTO property(id,sqft,pets,rate,isOpen,address,city,state,zipcode,landlordID,description) VALUES (70,424,'true',1248,'true','50026 Ridgeview Crossing','Saginaw','Michigan',48604,147,'leo pellentesque ultrices mattis odio donec vitae nisi nam ultrices libero non mattis pulvinar nulla pede');
INSERT INTO property(id,sqft,pets,rate,isOpen,address,city,state,zipcode,landlordID,description) VALUES (71,297,'true',1194,'true','06 Spenser Avenue','Atlanta','Georgia',30343,48,'nulla suscipit ligula in lacus curabitur at ipsum ac tellus semper interdum mauris ullamcorper purus sit amet');
INSERT INTO property(id,sqft,pets,rate,isOpen,address,city,state,zipcode,landlordID,description) VALUES (72,275,'true',947,'false','76533 Atwood Pass','Milwaukee','Wisconsin',53277,32,'donec dapibus duis at velit eu est congue elementum in hac habitasse platea dictumst');
INSERT INTO property(id,sqft,pets,rate,isOpen,address,city,state,zipcode,landlordID,description) VALUES (73,228,'false',620,'false','6 Gateway Terrace','Young America','Minnesota',55557,71,'vestibulum eget vulputate ut ultrices vel augue vestibulum ante ipsum primis in faucibus orci luctus et ultrices posuere');
INSERT INTO property(id,sqft,pets,rate,isOpen,address,city,state,zipcode,landlordID,description) VALUES (74,500,'true',1074,'false','73 Alpine Road','Jamaica','New York',11499,150,'aliquet maecenas leo odio condimentum id luctus nec molestie sed justo pellentesque');
INSERT INTO property(id,sqft,pets,rate,isOpen,address,city,state,zipcode,landlordID,description) VALUES (75,272,'false',1451,'true','40 Thackeray Plaza','Shreveport','Louisiana',71137,145,'platea dictumst aliquam augue quam sollicitudin vitae consectetuer eget rutrum at lorem integer tincidunt ante vel ipsum');
INSERT INTO property(id,sqft,pets,rate,isOpen,address,city,state,zipcode,landlordID,description) VALUES (76,480,'false',1374,'true','87893 Kennedy Trail','Birmingham','Alabama',35279,32,'lacus curabitur at ipsum ac tellus semper interdum mauris ullamcorper purus sit');
INSERT INTO property(id,sqft,pets,rate,isOpen,address,city,state,zipcode,landlordID,description) VALUES (77,285,'false',1543,'true','3141 Rieder Park','Detroit','Michigan',48217,168,'mi sit amet lobortis sapien sapien non mi integer ac neque');
INSERT INTO property(id,sqft,pets,rate,isOpen,address,city,state,zipcode,landlordID,description) VALUES (78,445,'true',716,'false','37 Mockingbird Hill','Indianapolis','Indiana',46221,63,'volutpat in congue etiam justo etiam pretium iaculis justo in hac habitasse platea dictumst etiam faucibus cursus');
INSERT INTO property(id,sqft,pets,rate,isOpen,address,city,state,zipcode,landlordID,description) VALUES (79,467,'true',1134,'true','87997 Killdeer Point','Pittsburgh','Pennsylvania',15210,200,'dignissim vestibulum vestibulum ante ipsum primis in faucibus orci luctus et ultrices');
INSERT INTO property(id,sqft,pets,rate,isOpen,address,city,state,zipcode,landlordID,description) VALUES (80,400,'true',926,'false','55 Parkside Terrace','Saint Petersburg','Florida',33731,170,'ac nibh fusce lacus purus aliquet at feugiat non pretium quis lectus suspendisse potenti');
INSERT INTO property(id,sqft,pets,rate,isOpen,address,city,state,zipcode,landlordID,description) VALUES (81,227,'true',1123,'true','7704 Russell Circle','Lancaster','Pennsylvania',17605,193,'nulla justo aliquam quis turpis eget elit sodales scelerisque mauris sit amet eros suspendisse accumsan tortor quis turpis sed');
INSERT INTO property(id,sqft,pets,rate,isOpen,address,city,state,zipcode,landlordID,description) VALUES (82,256,'true',818,'true','9308 Oak Valley Plaza','Charleston','West Virginia',25331,85,'at nunc commodo placerat praesent blandit nam nulla integer pede justo lacinia eget tincidunt eget tempus vel pede');
INSERT INTO property(id,sqft,pets,rate,isOpen,address,city,state,zipcode,landlordID,description) VALUES (83,451,'false',1394,'false','0074 Esch Circle','Independence','Missouri',64054,182,'neque duis bibendum morbi non quam nec dui luctus rutrum nulla tellus');
INSERT INTO property(id,sqft,pets,rate,isOpen,address,city,state,zipcode,landlordID,description) VALUES (84,367,'true',1465,'true','449 Transport Center','New Orleans','Louisiana',70149,101,'rutrum rutrum neque aenean auctor gravida sem praesent id massa');
INSERT INTO property(id,sqft,pets,rate,isOpen,address,city,state,zipcode,landlordID,description) VALUES (85,348,'false',1186,'true','62 Kingsford Park','Green Bay','Wisconsin',54313,49,'rhoncus aliquet pulvinar sed nisl nunc rhoncus dui vel sem');
INSERT INTO property(id,sqft,pets,rate,isOpen,address,city,state,zipcode,landlordID,description) VALUES (86,418,'false',1391,'false','5 Forest Dale Avenue','Pompano Beach','Florida',33075,93,'quis lectus suspendisse potenti in eleifend quam a odio in hac habitasse platea dictumst maecenas ut massa');
INSERT INTO property(id,sqft,pets,rate,isOpen,address,city,state,zipcode,landlordID,description) VALUES (87,492,'true',611,'true','4 Namekagon Point','Indianapolis','Indiana',46295,179,'nibh quisque id justo sit amet sapien dignissim vestibulum vestibulum ante ipsum');
INSERT INTO property(id,sqft,pets,rate,isOpen,address,city,state,zipcode,landlordID,description) VALUES (88,265,'false',992,'true','586 Express Place','Sterling','Virginia',20167,92,'nec nisi volutpat eleifend donec ut dolor morbi vel lectus in quam fringilla rhoncus mauris');
INSERT INTO property(id,sqft,pets,rate,isOpen,address,city,state,zipcode,landlordID,description) VALUES (89,384,'false',831,'false','67 Pleasure Avenue','Staten Island','New York',10310,59,'sed nisl nunc rhoncus dui vel sem sed sagittis nam congue risus semper');
INSERT INTO property(id,sqft,pets,rate,isOpen,address,city,state,zipcode,landlordID,description) VALUES (90,279,'true',1033,'false','69273 Oriole Plaza','Chicago','Illinois',60669,143,'volutpat quam pede lobortis ligula sit amet eleifend pede libero quis orci nullam molestie nibh in lectus pellentesque at nulla');
INSERT INTO property(id,sqft,pets,rate,isOpen,address,city,state,zipcode,landlordID,description) VALUES (91,289,'true',1073,'true','88 Anzinger Trail','Philadelphia','Pennsylvania',19184,29,'ipsum integer a nibh in quis justo maecenas rhoncus aliquam lacus');
INSERT INTO property(id,sqft,pets,rate,isOpen,address,city,state,zipcode,landlordID,description) VALUES (92,444,'false',990,'true','9 Graceland Alley','Gainesville','Florida',32605,8,'in faucibus orci luctus et ultrices posuere cubilia curae duis faucibus accumsan odio curabitur convallis duis consequat dui');
INSERT INTO property(id,sqft,pets,rate,isOpen,address,city,state,zipcode,landlordID,description) VALUES (93,202,'true',767,'false','991 Center Way','Tulsa','Oklahoma',74170,101,'duis aliquam convallis nunc proin at turpis a pede posuere nonummy integer non velit donec diam neque vestibulum eget vulputate');
INSERT INTO property(id,sqft,pets,rate,isOpen,address,city,state,zipcode,landlordID,description) VALUES (94,487,'false',1491,'false','7855 Clemons Junction','Baton Rouge','Louisiana',70894,18,'aliquet maecenas leo odio condimentum id luctus nec molestie sed justo pellentesque viverra pede ac diam cras');
INSERT INTO property(id,sqft,pets,rate,isOpen,address,city,state,zipcode,landlordID,description) VALUES (95,472,'false',1412,'true','1547 Little Fleur Drive','Louisville','Kentucky',40287,186,'enim in tempor turpis nec euismod scelerisque quam turpis adipiscing lorem vitae mattis nibh ligula nec sem duis');
INSERT INTO property(id,sqft,pets,rate,isOpen,address,city,state,zipcode,landlordID,description) VALUES (96,288,'true',1517,'true','98740 Debs Center','Columbus','Ohio',43204,159,'vitae nisl aenean lectus pellentesque eget nunc donec quis orci eget orci vehicula condimentum curabitur in libero');
INSERT INTO property(id,sqft,pets,rate,isOpen,address,city,state,zipcode,landlordID,description) VALUES (97,471,'false',1207,'true','30646 Golf Course Place','Mobile','Alabama',36605,72,'lectus pellentesque at nulla suspendisse potenti cras in purus eu magna vulputate luctus cum sociis natoque penatibus et magnis dis');
INSERT INTO property(id,sqft,pets,rate,isOpen,address,city,state,zipcode,landlordID,description) VALUES (98,470,'false',855,'false','42 Kennedy Point','Miami','Florida',33124,200,'leo pellentesque ultrices mattis odio donec vitae nisi nam ultrices libero non mattis pulvinar nulla pede ullamcorper');
INSERT INTO property(id,sqft,pets,rate,isOpen,address,city,state,zipcode,landlordID,description) VALUES (99,470,'true',1075,'false','52 Arrowood Place','Arlington','Texas',76016,128,'nam ultrices libero non mattis pulvinar nulla pede ullamcorper augue a');
INSERT INTO property(id,sqft,pets,rate,isOpen,address,city,state,zipcode,landlordID,description) VALUES (100,274,'true',1257,'true','142 Forest Dale Crossing','Chicago','Illinois',60669,27,'augue a suscipit nulla elit ac nulla sed vel enim sit amet nunc viverra dapibus nulla suscipit ligula');


#
# Dumping data for table 'landlord'
#

INSERT INTO landlord(id,first_name,last_name) VALUES (15,'Leelah','Dilliston');
INSERT INTO landlord(id,first_name,last_name) VALUES (81,'Codie','Mallall');
INSERT INTO landlord(id,first_name,last_name) VALUES (26,'Miranda','Scarbarrow');
INSERT INTO landlord(id,first_name,last_name) VALUES (37,'Siana','Aubrey');
INSERT INTO landlord(id,first_name,last_name) VALUES (21,'Olav','Heimes');
INSERT INTO landlord(id,first_name,last_name) VALUES (2,'Ivar','McGuirk');
INSERT INTO landlord(id,first_name,last_name) VALUES (23,'Allie','Prisley');
INSERT INTO landlord(id,first_name,last_name) VALUES (32,'Jase','Waddy');
INSERT INTO landlord(id,first_name,last_name) VALUES (55,'Aeriela','Garthside');
INSERT INTO landlord(id,first_name,last_name) VALUES (44,'Reginald','Titmus');
INSERT INTO landlord(id,first_name,last_name) VALUES (9,'Marco','Essel');
INSERT INTO landlord(id,first_name,last_name) VALUES (78,'Nichole','Armell');
INSERT INTO landlord(id,first_name,last_name) VALUES (77,'Ariella','Yantsev');
INSERT INTO landlord(id,first_name,last_name) VALUES (17,'Codie','Shea');
INSERT INTO landlord(id,first_name,last_name) VALUES (81,'Edita','Doncaster');
INSERT INTO landlord(id,first_name,last_name) VALUES (65,'Helga','Obbard');
INSERT INTO landlord(id,first_name,last_name) VALUES (71,'Dino','Licciardi');
INSERT INTO landlord(id,first_name,last_name) VALUES (11,'Swen','Cuddehay');
INSERT INTO landlord(id,first_name,last_name) VALUES (93,'Reilly','Farreil');
INSERT INTO landlord(id,first_name,last_name) VALUES (82,'Alis','Benninck');
INSERT INTO landlord(id,first_name,last_name) VALUES (40,'Farah','Olyet');
INSERT INTO landlord(id,first_name,last_name) VALUES (84,'Edsel','Male');
INSERT INTO landlord(id,first_name,last_name) VALUES (100,'Daile','Blowick');
INSERT INTO landlord(id,first_name,last_name) VALUES (42,'Scottie','Roke');
INSERT INTO landlord(id,first_name,last_name) VALUES (53,'Phylys','Diloway');
INSERT INTO landlord(id,first_name,last_name) VALUES (67,'Hildagarde','Overall');
INSERT INTO landlord(id,first_name,last_name) VALUES (97,'Dulcea','Chessor');
INSERT INTO landlord(id,first_name,last_name) VALUES (84,'Julia','Phillipps');
INSERT INTO landlord(id,first_name,last_name) VALUES (25,'Ruthy','Camplejohn');
INSERT INTO landlord(id,first_name,last_name) VALUES (57,'Eda','Ordelt');
INSERT INTO landlord(id,first_name,last_name) VALUES (54,'Sibylle','Lisamore');
INSERT INTO landlord(id,first_name,last_name) VALUES (51,'Bambi','Hancill');
INSERT INTO landlord(id,first_name,last_name) VALUES (84,'Kyle','Gotfrey');
INSERT INTO landlord(id,first_name,last_name) VALUES (8,'Heddi','Catterall');
INSERT INTO landlord(id,first_name,last_name) VALUES (21,'Carita','Jeannon');
INSERT INTO landlord(id,first_name,last_name) VALUES (3,'Tatiania','Tamburo');
INSERT INTO landlord(id,first_name,last_name) VALUES (21,'Matthus','Treffrey');
INSERT INTO landlord(id,first_name,last_name) VALUES (86,'Perren','Espino');
INSERT INTO landlord(id,first_name,last_name) VALUES (28,'Reider','Lishmund');
INSERT INTO landlord(id,first_name,last_name) VALUES (77,'Randie','Bellhanger');
INSERT INTO landlord(id,first_name,last_name) VALUES (16,'Laraine','Brunelli');
INSERT INTO landlord(id,first_name,last_name) VALUES (5,'Margy','Doughton');
INSERT INTO landlord(id,first_name,last_name) VALUES (24,'Job','Straw');
INSERT INTO landlord(id,first_name,last_name) VALUES (23,'Mirabelle','Buttriss');
INSERT INTO landlord(id,first_name,last_name) VALUES (47,'Virginie','Petren');
INSERT INTO landlord(id,first_name,last_name) VALUES (24,'Ethyl','Venour');
INSERT INTO landlord(id,first_name,last_name) VALUES (55,'Cherida','Gervaise');
INSERT INTO landlord(id,first_name,last_name) VALUES (26,'Allsun','Rodolfi');
INSERT INTO landlord(id,first_name,last_name) VALUES (7,'Bone','Gabbotts');
INSERT INTO landlord(id,first_name,last_name) VALUES (63,'Farah','Bawdon');
INSERT INTO landlord(id,first_name,last_name) VALUES (22,'Mina','Asaaf');
INSERT INTO landlord(id,first_name,last_name) VALUES (67,'Silvester','Londesborough');
INSERT INTO landlord(id,first_name,last_name) VALUES (30,'Luce','Trussler');
INSERT INTO landlord(id,first_name,last_name) VALUES (78,'Cristin','Thynne');
INSERT INTO landlord(id,first_name,last_name) VALUES (47,'Patrice','Poulett');
INSERT INTO landlord(id,first_name,last_name) VALUES (16,'Hobart','Haggar');
INSERT INTO landlord(id,first_name,last_name) VALUES (11,'Yves','Ather');
INSERT INTO landlord(id,first_name,last_name) VALUES (23,'Emmet','Smallcombe');
INSERT INTO landlord(id,first_name,last_name) VALUES (99,'Lorilyn','Renney');
INSERT INTO landlord(id,first_name,last_name) VALUES (71,'Dennison','Scurrer');
INSERT INTO landlord(id,first_name,last_name) VALUES (5,'Germain','Meace');
INSERT INTO landlord(id,first_name,last_name) VALUES (17,'Conchita','Leavesley');
INSERT INTO landlord(id,first_name,last_name) VALUES (15,'Thor','Darlaston');
INSERT INTO landlord(id,first_name,last_name) VALUES (74,'Catherina','Lowther');
INSERT INTO landlord(id,first_name,last_name) VALUES (1,'Anthe','Gabler');
INSERT INTO landlord(id,first_name,last_name) VALUES (32,'Craggy','Izkoveski');
INSERT INTO landlord(id,first_name,last_name) VALUES (33,'Carlynn','Acutt');
INSERT INTO landlord(id,first_name,last_name) VALUES (85,'Oralle','Reynault');
INSERT INTO landlord(id,first_name,last_name) VALUES (94,'Baxy','Hemmingway');
INSERT INTO landlord(id,first_name,last_name) VALUES (16,'Gretta','Matis');
INSERT INTO landlord(id,first_name,last_name) VALUES (98,'Ivory','Ulster');
INSERT INTO landlord(id,first_name,last_name) VALUES (58,'Faydra','Olivetta');
INSERT INTO landlord(id,first_name,last_name) VALUES (28,'Marshall','Iiannone');
INSERT INTO landlord(id,first_name,last_name) VALUES (54,'Hetty','Parkhouse');
INSERT INTO landlord(id,first_name,last_name) VALUES (46,'Faustine','Hauxley');
INSERT INTO landlord(id,first_name,last_name) VALUES (17,'Ximenez','Piletic');
INSERT INTO landlord(id,first_name,last_name) VALUES (86,'Hughie','Shipton');
INSERT INTO landlord(id,first_name,last_name) VALUES (56,'Fred','Kerford');
INSERT INTO landlord(id,first_name,last_name) VALUES (61,'Brandie','Forster');
INSERT INTO landlord(id,first_name,last_name) VALUES (71,'Lynde','Ritzman');
INSERT INTO landlord(id,first_name,last_name) VALUES (85,'Bentlee','Devericks');
INSERT INTO landlord(id,first_name,last_name) VALUES (90,'Caddric','Vallis');
INSERT INTO landlord(id,first_name,last_name) VALUES (7,'Miriam','Aisman');
INSERT INTO landlord(id,first_name,last_name) VALUES (81,'Cassandry','Guidoni');
INSERT INTO landlord(id,first_name,last_name) VALUES (99,'Duffy','Hukin');
INSERT INTO landlord(id,first_name,last_name) VALUES (18,'Xena','Cockerell');
INSERT INTO landlord(id,first_name,last_name) VALUES (39,'Goldia','Happel');
INSERT INTO landlord(id,first_name,last_name) VALUES (66,'Kori','Yakobowitz');
INSERT INTO landlord(id,first_name,last_name) VALUES (92,'Tanya','Yerrington');
INSERT INTO landlord(id,first_name,last_name) VALUES (17,'Thornie','Bricknall');
INSERT INTO landlord(id,first_name,last_name) VALUES (100,'Chadd','Jedrzejewsky');
INSERT INTO landlord(id,first_name,last_name) VALUES (79,'Carlie','Stellman');
INSERT INTO landlord(id,first_name,last_name) VALUES (8,'Anatollo','Wearn');
INSERT INTO landlord(id,first_name,last_name) VALUES (19,'Davine','Ceeley');
INSERT INTO landlord(id,first_name,last_name) VALUES (35,'Garek','Hassur');
INSERT INTO landlord(id,first_name,last_name) VALUES (59,'Louise','Plewright');
INSERT INTO landlord(id,first_name,last_name) VALUES (46,'Ermanno','Malkie');
INSERT INTO landlord(id,first_name,last_name) VALUES (73,'Dickie','Tax');
INSERT INTO landlord(id,first_name,last_name) VALUES (48,'Sianna','Please');
INSERT INTO landlord(id,first_name,last_name) VALUES (78,'Rafe','Knightsbridge');


#
# Dumping data for table 'rentRequest'
#

INSERT INTO rentRequest(id,isResolved,dateResolved,info,dateSubmitted,landlordID) VALUES (1,'false',NULL,'a pede posuere nonummy integer non velit donec diam neque vestibulum eget vulputate ut ultrices','03/17/2023',99);
INSERT INTO rentRequest(id,isResolved,dateResolved,info,dateSubmitted,landlordID) VALUES (2,'false',NULL,'blandit non interdum in ante vestibulum ante ipsum primis in faucibus','03/18/2023',28);
INSERT INTO rentRequest(id,isResolved,dateResolved,info,dateSubmitted,landlordID) VALUES (3,'true','10/22/2029','est lacinia nisi venenatis tristique fusce congue diam id ornare imperdiet sapien urna pretium nisl ut volutpat sapien arcu','03/14/2023',78);
INSERT INTO rentRequest(id,isResolved,dateResolved,info,dateSubmitted,landlordID) VALUES (4,'false',NULL,'nascetur ridiculus mus etiam vel augue vestibulum rutrum rutrum neque aenean auctor gravida sem praesent id massa id nisl','05/30/2022',51);
INSERT INTO rentRequest(id,isResolved,dateResolved,info,dateSubmitted,landlordID) VALUES (5,'false',NULL,'tortor duis mattis egestas metus aenean fermentum donec ut mauris','08/01/2022',1);
INSERT INTO rentRequest(id,isResolved,dateResolved,info,dateSubmitted,landlordID) VALUES (6,'true','12/11/2019','curae duis faucibus accumsan odio curabitur convallis duis consequat dui nec nisi volutpat eleifend donec','05/28/2022',1);
INSERT INTO rentRequest(id,isResolved,dateResolved,info,dateSubmitted,landlordID) VALUES (7,'true','07/23/2025','eu felis fusce posuere felis sed lacus morbi sem mauris laoreet ut rhoncus aliquet pulvinar','07/10/2022',19);
INSERT INTO rentRequest(id,isResolved,dateResolved,info,dateSubmitted,landlordID) VALUES (8,'true','02/10/2027','quam sapien varius ut blandit non interdum in ante vestibulum ante ipsum primis in faucibus orci luctus et ultrices posuere','11/29/2022',67);
INSERT INTO rentRequest(id,isResolved,dateResolved,info,dateSubmitted,landlordID) VALUES (9,'false',NULL,'eros vestibulum ac est lacinia nisi venenatis tristique fusce congue diam id','03/16/2023',33);
INSERT INTO rentRequest(id,isResolved,dateResolved,info,dateSubmitted,landlordID) VALUES (10,'true','08/20/2021','etiam pretium iaculis justo in hac habitasse platea dictumst etiam faucibus cursus urna ut tellus nulla ut erat id mauris','02/02/2023',17);
INSERT INTO rentRequest(id,isResolved,dateResolved,info,dateSubmitted,landlordID) VALUES (11,'true','03/01/2025','nullam molestie nibh in lectus pellentesque at nulla suspendisse potenti','11/08/2022',39);
INSERT INTO rentRequest(id,isResolved,dateResolved,info,dateSubmitted,landlordID) VALUES (12,'true','11/16/2022','aliquet maecenas leo odio condimentum id luctus nec molestie sed justo pellentesque','09/23/2022',7);
INSERT INTO rentRequest(id,isResolved,dateResolved,info,dateSubmitted,landlordID) VALUES (13,'false',NULL,'sit amet eleifend pede libero quis orci nullam molestie nibh in','01/25/2023',100);
INSERT INTO rentRequest(id,isResolved,dateResolved,info,dateSubmitted,landlordID) VALUES (14,'true','12/09/2019','nibh fusce lacus purus aliquet at feugiat non pretium quis lectus suspendisse potenti in eleifend quam','03/22/2023',71);
INSERT INTO rentRequest(id,isResolved,dateResolved,info,dateSubmitted,landlordID) VALUES (15,'true','01/23/2025','ut massa volutpat convallis morbi odio odio elementum eu interdum eu tincidunt in leo maecenas pulvinar lobortis est','01/28/2023',32);
INSERT INTO rentRequest(id,isResolved,dateResolved,info,dateSubmitted,landlordID) VALUES (16,'false',NULL,'nibh in hac habitasse platea dictumst aliquam augue quam sollicitudin vitae consectetuer eget rutrum at lorem integer tincidunt','08/28/2022',8);
INSERT INTO rentRequest(id,isResolved,dateResolved,info,dateSubmitted,landlordID) VALUES (17,'false',NULL,'lectus in quam fringilla rhoncus mauris enim leo rhoncus sed vestibulum sit amet cursus id turpis integer aliquet massa id','11/09/2022',84);
INSERT INTO rentRequest(id,isResolved,dateResolved,info,dateSubmitted,landlordID) VALUES (18,'true','07/10/2029','tempor turpis nec euismod scelerisque quam turpis adipiscing lorem vitae mattis nibh ligula nec sem duis aliquam convallis nunc','08/05/2022',30);
INSERT INTO rentRequest(id,isResolved,dateResolved,info,dateSubmitted,landlordID) VALUES (19,'true','04/20/2020','nisl nunc nisl duis bibendum felis sed interdum venenatis turpis enim blandit mi in porttitor pede justo eu massa donec','01/15/2023',74);
INSERT INTO rentRequest(id,isResolved,dateResolved,info,dateSubmitted,landlordID) VALUES (20,'false',NULL,'at nunc commodo placerat praesent blandit nam nulla integer pede justo lacinia','05/16/2022',82);
INSERT INTO rentRequest(id,isResolved,dateResolved,info,dateSubmitted,landlordID) VALUES (21,'false',NULL,'est donec odio justo sollicitudin ut suscipit a feugiat et eros vestibulum ac est lacinia nisi venenatis tristique','10/01/2022',33);
INSERT INTO rentRequest(id,isResolved,dateResolved,info,dateSubmitted,landlordID) VALUES (22,'false',NULL,'porttitor pede justo eu massa donec dapibus duis at velit eu est congue elementum in hac habitasse platea','08/15/2022',21);
INSERT INTO rentRequest(id,isResolved,dateResolved,info,dateSubmitted,landlordID) VALUES (23,'false',NULL,'et commodo vulputate justo in blandit ultrices enim lorem ipsum dolor','05/21/2022',25);
INSERT INTO rentRequest(id,isResolved,dateResolved,info,dateSubmitted,landlordID) VALUES (24,'true','07/27/2023','vivamus vel nulla eget eros elementum pellentesque quisque porta volutpat erat quisque erat eros viverra','07/23/2022',84);
INSERT INTO rentRequest(id,isResolved,dateResolved,info,dateSubmitted,landlordID) VALUES (25,'false',NULL,'nibh in lectus pellentesque at nulla suspendisse potenti cras in purus eu magna','12/26/2022',59);
INSERT INTO rentRequest(id,isResolved,dateResolved,info,dateSubmitted,landlordID) VALUES (26,'true','07/30/2026','pede morbi porttitor lorem id ligula suspendisse ornare consequat lectus in est risus auctor sed tristique in tempus','07/30/2022',78);
INSERT INTO rentRequest(id,isResolved,dateResolved,info,dateSubmitted,landlordID) VALUES (27,'false',NULL,'aliquam augue quam sollicitudin vitae consectetuer eget rutrum at lorem integer tincidunt ante vel ipsum praesent blandit','12/17/2022',32);
INSERT INTO rentRequest(id,isResolved,dateResolved,info,dateSubmitted,landlordID) VALUES (28,'false',NULL,'ultrices posuere cubilia curae mauris viverra diam vitae quam suspendisse potenti nullam porttitor lacus at','12/30/2022',15);
INSERT INTO rentRequest(id,isResolved,dateResolved,info,dateSubmitted,landlordID) VALUES (29,'false',NULL,'massa volutpat convallis morbi odio odio elementum eu interdum eu tincidunt in leo maecenas pulvinar lobortis est phasellus sit','10/08/2022',42);
INSERT INTO rentRequest(id,isResolved,dateResolved,info,dateSubmitted,landlordID) VALUES (30,'true','02/25/2025','quam nec dui luctus rutrum nulla tellus in sagittis dui vel nisl duis ac','01/05/2023',28);
INSERT INTO rentRequest(id,isResolved,dateResolved,info,dateSubmitted,landlordID) VALUES (31,'true','03/01/2023','faucibus orci luctus et ultrices posuere cubilia curae donec pharetra magna vestibulum aliquet ultrices erat tortor sollicitudin mi','07/05/2022',78);
INSERT INTO rentRequest(id,isResolved,dateResolved,info,dateSubmitted,landlordID) VALUES (32,'true','07/19/2028','tortor quis turpis sed ante vivamus tortor duis mattis egestas metus','07/26/2022',16);
INSERT INTO rentRequest(id,isResolved,dateResolved,info,dateSubmitted,landlordID) VALUES (33,'false',NULL,'ipsum primis in faucibus orci luctus et ultrices posuere cubilia curae duis faucibus accumsan odio curabitur','10/28/2022',63);
INSERT INTO rentRequest(id,isResolved,dateResolved,info,dateSubmitted,landlordID) VALUES (34,'true','09/16/2022','nunc nisl duis bibendum felis sed interdum venenatis turpis enim blandit mi in porttitor pede','08/15/2022',98);
INSERT INTO rentRequest(id,isResolved,dateResolved,info,dateSubmitted,landlordID) VALUES (35,'false',NULL,'tellus semper interdum mauris ullamcorper purus sit amet nulla quisque arcu libero rutrum','09/16/2022',71);
INSERT INTO rentRequest(id,isResolved,dateResolved,info,dateSubmitted,landlordID) VALUES (36,'false',NULL,'ipsum aliquam non mauris morbi non lectus aliquam sit amet diam in magna bibendum','12/30/2022',26);
INSERT INTO rentRequest(id,isResolved,dateResolved,info,dateSubmitted,landlordID) VALUES (37,'false',NULL,'vestibulum eget vulputate ut ultrices vel augue vestibulum ante ipsum primis','08/29/2022',18);
INSERT INTO rentRequest(id,isResolved,dateResolved,info,dateSubmitted,landlordID) VALUES (38,'false',NULL,'consectetuer eget rutrum at lorem integer tincidunt ante vel ipsum praesent blandit','11/27/2022',78);
INSERT INTO rentRequest(id,isResolved,dateResolved,info,dateSubmitted,landlordID) VALUES (39,'false',NULL,'ante ipsum primis in faucibus orci luctus et ultrices posuere cubilia curae nulla dapibus dolor vel est donec odio justo','07/12/2022',1);
INSERT INTO rentRequest(id,isResolved,dateResolved,info,dateSubmitted,landlordID) VALUES (40,'false',NULL,'mauris morbi non lectus aliquam sit amet diam in magna bibendum imperdiet','07/07/2022',28);
INSERT INTO rentRequest(id,isResolved,dateResolved,info,dateSubmitted,landlordID) VALUES (41,'false',NULL,'augue a suscipit nulla elit ac nulla sed vel enim sit amet','11/18/2022',23);
INSERT INTO rentRequest(id,isResolved,dateResolved,info,dateSubmitted,landlordID) VALUES (42,'false',NULL,'sodales sed tincidunt eu felis fusce posuere felis sed lacus morbi sem mauris laoreet ut','12/01/2022',17);
INSERT INTO rentRequest(id,isResolved,dateResolved,info,dateSubmitted,landlordID) VALUES (43,'false',NULL,'at dolor quis odio consequat varius integer ac leo pellentesque ultrices mattis odio donec vitae nisi nam ultrices','04/27/2022',46);
INSERT INTO rentRequest(id,isResolved,dateResolved,info,dateSubmitted,landlordID) VALUES (44,'false',NULL,'odio condimentum id luctus nec molestie sed justo pellentesque viverra pede ac diam','03/05/2023',84);
INSERT INTO rentRequest(id,isResolved,dateResolved,info,dateSubmitted,landlordID) VALUES (45,'false',NULL,'luctus et ultrices posuere cubilia curae donec pharetra magna vestibulum aliquet ultrices erat','02/12/2023',51);
INSERT INTO rentRequest(id,isResolved,dateResolved,info,dateSubmitted,landlordID) VALUES (46,'true','01/27/2029','viverra diam vitae quam suspendisse potenti nullam porttitor lacus at turpis donec posuere metus vitae ipsum aliquam non','05/16/2022',71);
INSERT INTO rentRequest(id,isResolved,dateResolved,info,dateSubmitted,landlordID) VALUES (47,'true','12/17/2029','amet erat nulla tempus vivamus in felis eu sapien cursus vestibulum proin eu mi nulla','04/05/2023',73);
INSERT INTO rentRequest(id,isResolved,dateResolved,info,dateSubmitted,landlordID) VALUES (48,'false',NULL,'platea dictumst etiam faucibus cursus urna ut tellus nulla ut erat id mauris','05/06/2022',53);
INSERT INTO rentRequest(id,isResolved,dateResolved,info,dateSubmitted,landlordID) VALUES (49,'true','11/12/2028','vel augue vestibulum ante ipsum primis in faucibus orci luctus et ultrices posuere cubilia curae donec','03/27/2023',18);
INSERT INTO rentRequest(id,isResolved,dateResolved,info,dateSubmitted,landlordID) VALUES (50,'true','03/16/2027','ullamcorper purus sit amet nulla quisque arcu libero rutrum ac lobortis vel dapibus at','09/30/2022',55);
INSERT INTO rentRequest(id,isResolved,dateResolved,info,dateSubmitted,landlordID) VALUES (51,'true','03/28/2029','lectus aliquam sit amet diam in magna bibendum imperdiet nullam orci pede venenatis non sodales sed tincidunt eu felis','04/27/2022',99);
INSERT INTO rentRequest(id,isResolved,dateResolved,info,dateSubmitted,landlordID) VALUES (52,'false',NULL,'purus phasellus in felis donec semper sapien a libero nam dui proin leo odio porttitor id','07/21/2022',55);
INSERT INTO rentRequest(id,isResolved,dateResolved,info,dateSubmitted,landlordID) VALUES (53,'true','10/23/2025','at vulputate vitae nisl aenean lectus pellentesque eget nunc donec quis orci eget orci vehicula condimentum curabitur','05/01/2022',77);
INSERT INTO rentRequest(id,isResolved,dateResolved,info,dateSubmitted,landlordID) VALUES (54,'false',NULL,'erat volutpat in congue etiam justo etiam pretium iaculis justo','11/24/2022',42);
INSERT INTO rentRequest(id,isResolved,dateResolved,info,dateSubmitted,landlordID) VALUES (55,'false',NULL,'molestie hendrerit at vulputate vitae nisl aenean lectus pellentesque eget nunc donec quis orci eget orci vehicula condimentum curabitur in','06/18/2022',17);
INSERT INTO rentRequest(id,isResolved,dateResolved,info,dateSubmitted,landlordID) VALUES (56,'false',NULL,'turpis eget elit sodales scelerisque mauris sit amet eros suspendisse accumsan tortor quis turpis sed ante vivamus tortor duis mattis','06/04/2022',15);
INSERT INTO rentRequest(id,isResolved,dateResolved,info,dateSubmitted,landlordID) VALUES (57,'false',NULL,'nibh in lectus pellentesque at nulla suspendisse potenti cras in purus eu magna vulputate luctus cum sociis natoque','12/16/2022',78);
INSERT INTO rentRequest(id,isResolved,dateResolved,info,dateSubmitted,landlordID) VALUES (58,'false',NULL,'vel augue vestibulum rutrum rutrum neque aenean auctor gravida sem','12/05/2022',100);
INSERT INTO rentRequest(id,isResolved,dateResolved,info,dateSubmitted,landlordID) VALUES (59,'false',NULL,'vitae consectetuer eget rutrum at lorem integer tincidunt ante vel ipsum','07/20/2022',99);
INSERT INTO rentRequest(id,isResolved,dateResolved,info,dateSubmitted,landlordID) VALUES (60,'false',NULL,'tristique fusce congue diam id ornare imperdiet sapien urna pretium nisl ut volutpat sapien','08/15/2022',24);
INSERT INTO rentRequest(id,isResolved,dateResolved,info,dateSubmitted,landlordID) VALUES (61,'false',NULL,'pellentesque quisque porta volutpat erat quisque erat eros viverra eget congue eget semper rutrum','06/21/2022',90);
INSERT INTO rentRequest(id,isResolved,dateResolved,info,dateSubmitted,landlordID) VALUES (62,'false',NULL,'tempus sit amet sem fusce consequat nulla nisl nunc nisl duis bibendum felis sed interdum venenatis turpis enim blandit','06/11/2022',55);
INSERT INTO rentRequest(id,isResolved,dateResolved,info,dateSubmitted,landlordID) VALUES (63,'false',NULL,'lectus pellentesque eget nunc donec quis orci eget orci vehicula condimentum curabitur in libero ut massa volutpat','06/05/2022',51);
INSERT INTO rentRequest(id,isResolved,dateResolved,info,dateSubmitted,landlordID) VALUES (64,'true','11/19/2027','at ipsum ac tellus semper interdum mauris ullamcorper purus sit','03/04/2023',11);
INSERT INTO rentRequest(id,isResolved,dateResolved,info,dateSubmitted,landlordID) VALUES (65,'false',NULL,'molestie lorem quisque ut erat curabitur gravida nisi at nibh in hac','09/17/2022',2);
INSERT INTO rentRequest(id,isResolved,dateResolved,info,dateSubmitted,landlordID) VALUES (66,'true','08/13/2020','mi sit amet lobortis sapien sapien non mi integer ac neque duis bibendum morbi non','11/24/2022',8);
INSERT INTO rentRequest(id,isResolved,dateResolved,info,dateSubmitted,landlordID) VALUES (67,'false',NULL,'praesent blandit lacinia erat vestibulum sed magna at nunc commodo placerat praesent blandit nam nulla integer pede justo lacinia eget','02/16/2023',65);
INSERT INTO rentRequest(id,isResolved,dateResolved,info,dateSubmitted,landlordID) VALUES (68,'true','06/16/2028','sem sed sagittis nam congue risus semper porta volutpat quam pede lobortis ligula sit amet eleifend pede libero quis','05/28/2022',46);
INSERT INTO rentRequest(id,isResolved,dateResolved,info,dateSubmitted,landlordID) VALUES (69,'false',NULL,'rhoncus sed vestibulum sit amet cursus id turpis integer aliquet massa id lobortis','05/15/2022',9);
INSERT INTO rentRequest(id,isResolved,dateResolved,info,dateSubmitted,landlordID) VALUES (70,'true','05/08/2019','cum sociis natoque penatibus et magnis dis parturient montes nascetur ridiculus mus vivamus','10/14/2022',100);
INSERT INTO rentRequest(id,isResolved,dateResolved,info,dateSubmitted,landlordID) VALUES (71,'true','06/10/2019','condimentum neque sapien placerat ante nulla justo aliquam quis turpis eget','09/26/2022',21);
INSERT INTO rentRequest(id,isResolved,dateResolved,info,dateSubmitted,landlordID) VALUES (72,'true','04/29/2024','sociis natoque penatibus et magnis dis parturient montes nascetur ridiculus mus','03/21/2023',53);
INSERT INTO rentRequest(id,isResolved,dateResolved,info,dateSubmitted,landlordID) VALUES (73,'false',NULL,'tristique in tempus sit amet sem fusce consequat nulla nisl nunc nisl duis bibendum felis sed interdum venenatis turpis enim','12/14/2022',42);
INSERT INTO rentRequest(id,isResolved,dateResolved,info,dateSubmitted,landlordID) VALUES (74,'false',NULL,'odio elementum eu interdum eu tincidunt in leo maecenas pulvinar lobortis est phasellus sit amet erat nulla tempus','10/25/2022',85);
INSERT INTO rentRequest(id,isResolved,dateResolved,info,dateSubmitted,landlordID) VALUES (75,'false',NULL,'pretium iaculis justo in hac habitasse platea dictumst etiam faucibus cursus urna ut tellus nulla ut erat id mauris','05/10/2022',39);
INSERT INTO rentRequest(id,isResolved,dateResolved,info,dateSubmitted,landlordID) VALUES (76,'false',NULL,'morbi vestibulum velit id pretium iaculis diam erat fermentum justo nec condimentum','06/18/2022',39);
INSERT INTO rentRequest(id,isResolved,dateResolved,info,dateSubmitted,landlordID) VALUES (77,'true','05/31/2028','condimentum curabitur in libero ut massa volutpat convallis morbi odio odio elementum eu','06/30/2022',86);
INSERT INTO rentRequest(id,isResolved,dateResolved,info,dateSubmitted,landlordID) VALUES (78,'true','06/17/2019','in lacus curabitur at ipsum ac tellus semper interdum mauris ullamcorper purus sit','10/30/2022',2);
INSERT INTO rentRequest(id,isResolved,dateResolved,info,dateSubmitted,landlordID) VALUES (79,'false',NULL,'sapien placerat ante nulla justo aliquam quis turpis eget elit sodales scelerisque mauris sit amet eros','04/06/2023',33);
INSERT INTO rentRequest(id,isResolved,dateResolved,info,dateSubmitted,landlordID) VALUES (80,'true','10/15/2029','tortor duis mattis egestas metus aenean fermentum donec ut mauris eget massa tempor convallis nulla','01/29/2023',8);
INSERT INTO rentRequest(id,isResolved,dateResolved,info,dateSubmitted,landlordID) VALUES (81,'true','10/21/2028','vestibulum ante ipsum primis in faucibus orci luctus et ultrices posuere cubilia curae','02/15/2023',53);
INSERT INTO rentRequest(id,isResolved,dateResolved,info,dateSubmitted,landlordID) VALUES (82,'false',NULL,'quis lectus suspendisse potenti in eleifend quam a odio in hac habitasse platea dictumst maecenas ut massa quis augue luctus','04/19/2022',7);
INSERT INTO rentRequest(id,isResolved,dateResolved,info,dateSubmitted,landlordID) VALUES (83,'false',NULL,'est lacinia nisi venenatis tristique fusce congue diam id ornare imperdiet sapien urna pretium nisl ut volutpat','06/13/2022',5);
INSERT INTO rentRequest(id,isResolved,dateResolved,info,dateSubmitted,landlordID) VALUES (84,'false',NULL,'erat volutpat in congue etiam justo etiam pretium iaculis justo in hac habitasse platea dictumst etiam faucibus cursus urna ut','02/08/2023',46);
INSERT INTO rentRequest(id,isResolved,dateResolved,info,dateSubmitted,landlordID) VALUES (85,'false',NULL,'ligula sit amet eleifend pede libero quis orci nullam molestie nibh in lectus pellentesque at nulla suspendisse potenti cras','08/10/2022',16);
INSERT INTO rentRequest(id,isResolved,dateResolved,info,dateSubmitted,landlordID) VALUES (86,'false',NULL,'eros viverra eget congue eget semper rutrum nulla nunc purus','06/08/2022',57);
INSERT INTO rentRequest(id,isResolved,dateResolved,info,dateSubmitted,landlordID) VALUES (87,'false',NULL,'pharetra magna ac consequat metus sapien ut nunc vestibulum ante ipsum primis in faucibus orci luctus et ultrices','04/17/2023',21);
INSERT INTO rentRequest(id,isResolved,dateResolved,info,dateSubmitted,landlordID) VALUES (88,'true','10/22/2027','at turpis a pede posuere nonummy integer non velit donec diam neque vestibulum eget vulputate ut ultrices vel augue vestibulum','02/18/2023',99);
INSERT INTO rentRequest(id,isResolved,dateResolved,info,dateSubmitted,landlordID) VALUES (89,'false',NULL,'volutpat eleifend donec ut dolor morbi vel lectus in quam fringilla rhoncus','12/22/2022',67);
INSERT INTO rentRequest(id,isResolved,dateResolved,info,dateSubmitted,landlordID) VALUES (90,'false',NULL,'ut odio cras mi pede malesuada in imperdiet et commodo vulputate justo','12/24/2022',78);
INSERT INTO rentRequest(id,isResolved,dateResolved,info,dateSubmitted,landlordID) VALUES (91,'true','06/17/2028','egestas metus aenean fermentum donec ut mauris eget massa tempor convallis nulla','05/23/2022',77);
INSERT INTO rentRequest(id,isResolved,dateResolved,info,dateSubmitted,landlordID) VALUES (92,'false',NULL,'nisl nunc rhoncus dui vel sem sed sagittis nam congue risus semper porta volutpat quam','10/30/2022',23);
INSERT INTO rentRequest(id,isResolved,dateResolved,info,dateSubmitted,landlordID) VALUES (93,'true','01/08/2025','primis in faucibus orci luctus et ultrices posuere cubilia curae mauris viverra diam vitae quam','07/02/2022',16);
INSERT INTO rentRequest(id,isResolved,dateResolved,info,dateSubmitted,landlordID) VALUES (94,'false',NULL,'eleifend luctus ultricies eu nibh quisque id justo sit amet sapien dignissim vestibulum vestibulum ante ipsum primis in faucibus orci','07/22/2022',71);
INSERT INTO rentRequest(id,isResolved,dateResolved,info,dateSubmitted,landlordID) VALUES (95,'true','02/18/2025','tellus nulla ut erat id mauris vulputate elementum nullam varius nulla facilisi','08/30/2022',24);
INSERT INTO rentRequest(id,isResolved,dateResolved,info,dateSubmitted,landlordID) VALUES (96,'true','10/13/2028','pede justo lacinia eget tincidunt eget tempus vel pede morbi','12/28/2022',21);
INSERT INTO rentRequest(id,isResolved,dateResolved,info,dateSubmitted,landlordID) VALUES (97,'false',NULL,'venenatis lacinia aenean sit amet justo morbi ut odio cras mi pede malesuada in','09/21/2022',85);
INSERT INTO rentRequest(id,isResolved,dateResolved,info,dateSubmitted,landlordID) VALUES (98,'false',NULL,'eleifend donec ut dolor morbi vel lectus in quam fringilla rhoncus mauris enim leo rhoncus sed','08/18/2022',84);
INSERT INTO rentRequest(id,isResolved,dateResolved,info,dateSubmitted,landlordID) VALUES (99,'false',NULL,'metus arcu adipiscing molestie hendrerit at vulputate vitae nisl aenean lectus pellentesque eget nunc donec quis orci','04/25/2022',28);
INSERT INTO rentRequest(id,isResolved,dateResolved,info,dateSubmitted,landlordID) VALUES (100,'false',NULL,'justo in blandit ultrices enim lorem ipsum dolor sit amet','10/08/2022',17);


#
# Dumping data for table 'resident'
#

INSERT INTO resident(username,first_name,last_name,email,bio,password,dateAvailabletoBeginSublet,dateAvailabletoEndSublet,age,requestID,propertyID) VALUES ('rtomasian0','Rogerio','Tomasian','rtomasian0@sfgate.com','et commodo vulputate justo in blandit ultrices enim lorem ipsum dolor','o0ZWrNhMPzd','12/10/2022','09/29/2022',32,574,46);
INSERT INTO resident(username,first_name,last_name,email,bio,password,dateAvailabletoBeginSublet,dateAvailabletoEndSublet,age,requestID,propertyID) VALUES ('dvaud1','Desirae','Vaud','dvaud1@wp.com','consectetuer adipiscing elit proin interdum mauris non ligula pellentesque ultrices phasellus id','nBpPwEgLviY','09/24/2022','08/25/2022',23,865,79);
INSERT INTO resident(username,first_name,last_name,email,bio,password,dateAvailabletoBeginSublet,dateAvailabletoEndSublet,age,requestID,propertyID) VALUES ('bsidle2','Brinn','Sidle','bsidle2@microsoft.com','lacus morbi quis tortor id nulla ultrices aliquet maecenas leo odio condimentum id luctus nec','zeuHMFKb631','02/06/2023','10/19/2022',30,302,27);
INSERT INTO resident(username,first_name,last_name,email,bio,password,dateAvailabletoBeginSublet,dateAvailabletoEndSublet,age,requestID,propertyID) VALUES ('llindhe3','Lou','Lindhe','llindhe3@opera.com','nulla dapibus dolor vel est donec odio justo sollicitudin ut suscipit a feugiat et eros','CwQvGyxAv','07/18/2022','05/05/2022',22,10,84);
INSERT INTO resident(username,first_name,last_name,email,bio,password,dateAvailabletoBeginSublet,dateAvailabletoEndSublet,age,requestID,propertyID) VALUES ('rcaso4','Raviv','Caso','rcaso4@stanford.edu','diam vitae quam suspendisse potenti nullam porttitor lacus at turpis donec posuere metus vitae','Nrh35N5WuI','03/15/2023','03/14/2023',30,188,7);
INSERT INTO resident(username,first_name,last_name,email,bio,password,dateAvailabletoBeginSublet,dateAvailabletoEndSublet,age,requestID,propertyID) VALUES ('htithecote5','Hartley','Tithecote','htithecote5@chicagotribune.com','quam pharetra magna ac consequat metus sapien ut nunc vestibulum','Z3Ry2Ls8','11/29/2022','01/02/2023',24,662,55);
INSERT INTO resident(username,first_name,last_name,email,bio,password,dateAvailabletoBeginSublet,dateAvailabletoEndSublet,age,requestID,propertyID) VALUES ('mdeanesy6','Marchall','De Anesy','mdeanesy6@creativecommons.org','consequat morbi a ipsum integer a nibh in quis justo maecenas rhoncus aliquam lacus','MRbCFiPJt','07/26/2022','07/27/2022',27,696,97);
INSERT INTO resident(username,first_name,last_name,email,bio,password,dateAvailabletoBeginSublet,dateAvailabletoEndSublet,age,requestID,propertyID) VALUES ('sverdun7','Samuele','Verdun','sverdun7@ihg.com','justo pellentesque viverra pede ac diam cras pellentesque volutpat dui maecenas tristique est et tempus semper est','k7YFzla96','03/20/2023','01/08/2023',20,952,14);
INSERT INTO resident(username,first_name,last_name,email,bio,password,dateAvailabletoBeginSublet,dateAvailabletoEndSublet,age,requestID,propertyID) VALUES ('jdodgshon8','Judye','Dodgshon','jdodgshon8@hugedomains.com','ligula vehicula consequat morbi a ipsum integer a nibh in quis justo maecenas rhoncus aliquam','3VTiZNzPakzF','10/15/2022','09/16/2022',35,401,81);
INSERT INTO resident(username,first_name,last_name,email,bio,password,dateAvailabletoBeginSublet,dateAvailabletoEndSublet,age,requestID,propertyID) VALUES ('bshillabeer9','Bearnard','Shillabeer','bshillabeer9@nydailynews.com','aliquam augue quam sollicitudin vitae consectetuer eget rutrum at lorem integer tincidunt','iPmQ7XTkzZJv','08/18/2022','03/01/2023',45,506,49);
INSERT INTO resident(username,first_name,last_name,email,bio,password,dateAvailabletoBeginSublet,dateAvailabletoEndSublet,age,requestID,propertyID) VALUES ('nliversidgea','Normie','Liversidge','nliversidgea@behance.net','praesent id massa id nisl venenatis lacinia aenean sit amet justo morbi ut odio cras mi pede','PDLmiWGs','05/15/2022','01/30/2023',19,532,72);
INSERT INTO resident(username,first_name,last_name,email,bio,password,dateAvailabletoBeginSublet,dateAvailabletoEndSublet,age,requestID,propertyID) VALUES ('kwornerb','Krishnah','Worner','kwornerb@digg.com','pulvinar lobortis est phasellus sit amet erat nulla tempus vivamus in felis eu sapien cursus vestibulum proin','yum7IC','08/23/2022','03/22/2023',46,98,94);
INSERT INTO resident(username,first_name,last_name,email,bio,password,dateAvailabletoBeginSublet,dateAvailabletoEndSublet,age,requestID,propertyID) VALUES ('mjeffreec','Minerva','Jeffree','mjeffreec@sogou.com','urna ut tellus nulla ut erat id mauris vulputate elementum nullam varius nulla facilisi','Djx7Vv','08/04/2022','10/02/2022',26,744,19);
INSERT INTO resident(username,first_name,last_name,email,bio,password,dateAvailabletoBeginSublet,dateAvailabletoEndSublet,age,requestID,propertyID) VALUES ('flearmand','Fredi','Learman','flearmand@xinhuanet.com','parturient montes nascetur ridiculus mus vivamus vestibulum sagittis sapien cum sociis natoque penatibus et magnis dis parturient','zgLWN9T','03/15/2023','11/16/2022',28,227,65);
INSERT INTO resident(username,first_name,last_name,email,bio,password,dateAvailabletoBeginSublet,dateAvailabletoEndSublet,age,requestID,propertyID) VALUES ('elamanbye','El','Lamanby','elamanbye@a8.net','maecenas pulvinar lobortis est phasellus sit amet erat nulla tempus vivamus in felis eu sapien cursus vestibulum proin eu mi','vN4KbolydR','07/13/2022','05/26/2022',49,364,56);
INSERT INTO resident(username,first_name,last_name,email,bio,password,dateAvailabletoBeginSublet,dateAvailabletoEndSublet,age,requestID,propertyID) VALUES ('everginef','Elyse','Vergine','everginef@squarespace.com','turpis a pede posuere nonummy integer non velit donec diam neque vestibulum eget vulputate ut','ZAIzXTNxXpd','01/06/2023','01/19/2023',40,63,51);
INSERT INTO resident(username,first_name,last_name,email,bio,password,dateAvailabletoBeginSublet,dateAvailabletoEndSublet,age,requestID,propertyID) VALUES ('hsecombeg','Halsey','Secombe','hsecombeg@blogspot.com','non mi integer ac neque duis bibendum morbi non quam nec dui luctus rutrum nulla tellus in','74el7mLp0nL','10/31/2022','08/16/2022',18,861,34);
INSERT INTO resident(username,first_name,last_name,email,bio,password,dateAvailabletoBeginSublet,dateAvailabletoEndSublet,age,requestID,propertyID) VALUES ('hchanth','Harriett','Chant','hchanth@opensource.org','scelerisque quam turpis adipiscing lorem vitae mattis nibh ligula nec sem','g4Iscm','02/23/2023','06/26/2022',44,653,15);
INSERT INTO resident(username,first_name,last_name,email,bio,password,dateAvailabletoBeginSublet,dateAvailabletoEndSublet,age,requestID,propertyID) VALUES ('lstrangwardi','Luke','Strangward','lstrangwardi@hubpages.com','orci eget orci vehicula condimentum curabitur in libero ut massa volutpat convallis morbi odio','zSUqR4xC3','10/09/2022','08/22/2022',48,536,73);
INSERT INTO resident(username,first_name,last_name,email,bio,password,dateAvailabletoBeginSublet,dateAvailabletoEndSublet,age,requestID,propertyID) VALUES ('ehagerghamj','Estrella','Hagergham','ehagerghamj@barnesandnoble.com','hendrerit at vulputate vitae nisl aenean lectus pellentesque eget nunc donec quis orci eget orci vehicula condimentum curabitur in libero','lOYcNEQ5Q','06/15/2022','06/30/2022',42,939,14);
INSERT INTO resident(username,first_name,last_name,email,bio,password,dateAvailabletoBeginSublet,dateAvailabletoEndSublet,age,requestID,propertyID) VALUES ('iaymesk','Ichabod','Aymes','iaymesk@youtu.be','justo etiam pretium iaculis justo in hac habitasse platea dictumst etiam faucibus cursus urna ut','MW8fg3dEQf','05/04/2022','01/28/2023',44,383,68);
INSERT INTO resident(username,first_name,last_name,email,bio,password,dateAvailabletoBeginSublet,dateAvailabletoEndSublet,age,requestID,propertyID) VALUES ('spurcerl','Shawn','Purcer','spurcerl@china.com.cn','quisque porta volutpat erat quisque erat eros viverra eget congue eget semper rutrum nulla nunc purus','WdiTdXD0','01/12/2023','04/12/2023',39,385,9);
INSERT INTO resident(username,first_name,last_name,email,bio,password,dateAvailabletoBeginSublet,dateAvailabletoEndSublet,age,requestID,propertyID) VALUES ('sspantonm','Sutherland','Spanton','sspantonm@flickr.com','ipsum ac tellus semper interdum mauris ullamcorper purus sit amet nulla quisque','vwrQKbFU8Qux','03/09/2023','08/27/2022',35,974,97);
INSERT INTO resident(username,first_name,last_name,email,bio,password,dateAvailabletoBeginSublet,dateAvailabletoEndSublet,age,requestID,propertyID) VALUES ('mdeguisen','Michaeline','de Guise','mdeguisen@zimbio.com','aenean auctor gravida sem praesent id massa id nisl venenatis lacinia aenean sit amet justo morbi','9GsOvILbL','07/03/2022','10/18/2022',38,718,87);
INSERT INTO resident(username,first_name,last_name,email,bio,password,dateAvailabletoBeginSublet,dateAvailabletoEndSublet,age,requestID,propertyID) VALUES ('ckencho','Carver','Kench','ckencho@vistaprint.com','purus phasellus in felis donec semper sapien a libero nam dui proin leo odio porttitor id consequat in consequat','5bngbZwo','01/23/2023','04/19/2022',18,559,15);
INSERT INTO resident(username,first_name,last_name,email,bio,password,dateAvailabletoBeginSublet,dateAvailabletoEndSublet,age,requestID,propertyID) VALUES ('abernthp','Arlana','Bernth','abernthp@hatena.ne.jp','metus vitae ipsum aliquam non mauris morbi non lectus aliquam sit amet diam in','hIpaC28LI','08/15/2022','05/23/2022',42,172,38);
INSERT INTO resident(username,first_name,last_name,email,bio,password,dateAvailabletoBeginSublet,dateAvailabletoEndSublet,age,requestID,propertyID) VALUES ('aoheffernanq','Annamaria','O''Heffernan','aoheffernanq@homestead.com','sed augue aliquam erat volutpat in congue etiam justo etiam pretium iaculis justo in hac habitasse platea dictumst etiam','EyEA7JA','02/27/2023','09/21/2022',37,602,31);
INSERT INTO resident(username,first_name,last_name,email,bio,password,dateAvailabletoBeginSublet,dateAvailabletoEndSublet,age,requestID,propertyID) VALUES ('agoldhillr','Ade','Goldhill','agoldhillr@marketwatch.com','velit vivamus vel nulla eget eros elementum pellentesque quisque porta volutpat erat quisque erat eros viverra eget','RbeZyCBKF','04/24/2022','06/09/2022',33,714,23);
INSERT INTO resident(username,first_name,last_name,email,bio,password,dateAvailabletoBeginSublet,dateAvailabletoEndSublet,age,requestID,propertyID) VALUES ('iodooleys','Ines','O'' Dooley','iodooleys@newsvine.com','ante vel ipsum praesent blandit lacinia erat vestibulum sed magna at nunc commodo placerat praesent blandit','vXuoYNV','09/02/2022','01/31/2023',18,299,3);
INSERT INTO resident(username,first_name,last_name,email,bio,password,dateAvailabletoBeginSublet,dateAvailabletoEndSublet,age,requestID,propertyID) VALUES ('evorleyt','Elvyn','Vorley','evorleyt@mysql.com','et ultrices posuere cubilia curae duis faucibus accumsan odio curabitur convallis duis consequat dui nec nisi volutpat eleifend','ObT6oT','05/27/2022','12/29/2022',27,982,50);
INSERT INTO resident(username,first_name,last_name,email,bio,password,dateAvailabletoBeginSublet,dateAvailabletoEndSublet,age,requestID,propertyID) VALUES ('sgreguolu','Shae','Greguol','sgreguolu@arstechnica.com','magna vulputate luctus cum sociis natoque penatibus et magnis dis parturient montes nascetur ridiculus mus vivamus vestibulum sagittis sapien cum','3mbXum5sH5j','07/19/2022','10/29/2022',19,521,89);
INSERT INTO resident(username,first_name,last_name,email,bio,password,dateAvailabletoBeginSublet,dateAvailabletoEndSublet,age,requestID,propertyID) VALUES ('cdytev','Costa','Dyte','cdytev@yahoo.com','convallis duis consequat dui nec nisi volutpat eleifend donec ut dolor morbi vel lectus in quam fringilla rhoncus mauris enim','WRU4uJ8BCbY','06/22/2022','05/08/2022',27,968,69);
INSERT INTO resident(username,first_name,last_name,email,bio,password,dateAvailabletoBeginSublet,dateAvailabletoEndSublet,age,requestID,propertyID) VALUES ('drubicaw','Dillie','Rubica','drubicaw@cisco.com','quisque ut erat curabitur gravida nisi at nibh in hac habitasse platea dictumst aliquam augue quam sollicitudin vitae consectetuer eget','YqMVte6EP','11/16/2022','03/15/2023',28,450,77);
INSERT INTO resident(username,first_name,last_name,email,bio,password,dateAvailabletoBeginSublet,dateAvailabletoEndSublet,age,requestID,propertyID) VALUES ('rkaesmansx','Rice','Kaesmans','rkaesmansx@gnu.org','eu interdum eu tincidunt in leo maecenas pulvinar lobortis est phasellus sit amet erat nulla tempus','YsJgvjtrCUh','10/03/2022','09/11/2022',38,159,72);
INSERT INTO resident(username,first_name,last_name,email,bio,password,dateAvailabletoBeginSublet,dateAvailabletoEndSublet,age,requestID,propertyID) VALUES ('wburkitty','Waite','Burkitt','wburkitty@columbia.edu','libero convallis eget eleifend luctus ultricies eu nibh quisque id justo sit amet sapien dignissim vestibulum','D7tsTAGXo','02/16/2023','08/16/2022',18,743,3);
INSERT INTO resident(username,first_name,last_name,email,bio,password,dateAvailabletoBeginSublet,dateAvailabletoEndSublet,age,requestID,propertyID) VALUES ('dfennerz','Danica','Fenner','dfennerz@rakuten.co.jp','libero nullam sit amet turpis elementum ligula vehicula consequat morbi a ipsum integer a nibh in','pqKqqGM','01/05/2023','06/07/2022',38,519,74);
INSERT INTO resident(username,first_name,last_name,email,bio,password,dateAvailabletoBeginSublet,dateAvailabletoEndSublet,age,requestID,propertyID) VALUES ('rwetwood10','Rodie','Wetwood','rwetwood10@xinhuanet.com','maecenas ut massa quis augue luctus tincidunt nulla mollis molestie','oh0278ZTz','06/20/2022','09/21/2022',43,562,57);
INSERT INTO resident(username,first_name,last_name,email,bio,password,dateAvailabletoBeginSublet,dateAvailabletoEndSublet,age,requestID,propertyID) VALUES ('tmcaughtrie11','Thom','McAughtrie','tmcaughtrie11@bbb.org','erat vestibulum sed magna at nunc commodo placerat praesent blandit nam nulla integer pede','2mBpsshR','08/02/2022','03/06/2023',19,109,22);
INSERT INTO resident(username,first_name,last_name,email,bio,password,dateAvailabletoBeginSublet,dateAvailabletoEndSublet,age,requestID,propertyID) VALUES ('ppayn12','Pippa','Payn','ppayn12@gmpg.org','nisl nunc nisl duis bibendum felis sed interdum venenatis turpis enim blandit mi in porttitor pede justo','2KmRZRB','09/10/2022','04/15/2023',29,345,4);
INSERT INTO resident(username,first_name,last_name,email,bio,password,dateAvailabletoBeginSublet,dateAvailabletoEndSublet,age,requestID,propertyID) VALUES ('lbeswick13','Laurence','Beswick','lbeswick13@fda.gov','et ultrices posuere cubilia curae mauris viverra diam vitae quam suspendisse','mGSuP8mSjgqo','04/29/2022','07/02/2022',20,649,51);
INSERT INTO resident(username,first_name,last_name,email,bio,password,dateAvailabletoBeginSublet,dateAvailabletoEndSublet,age,requestID,propertyID) VALUES ('aelkin14','Alfons','Elkin','aelkin14@google.cn','donec vitae nisi nam ultrices libero non mattis pulvinar nulla pede ullamcorper','TrysE64HE','07/08/2022','12/22/2022',48,783,2);
INSERT INTO resident(username,first_name,last_name,email,bio,password,dateAvailabletoBeginSublet,dateAvailabletoEndSublet,age,requestID,propertyID) VALUES ('kmanna15','Klement','Manna','kmanna15@youtu.be','tortor quis turpis sed ante vivamus tortor duis mattis egestas metus aenean fermentum donec ut mauris eget massa','FfMfll7KxTlx','02/21/2023','03/17/2023',39,170,14);
INSERT INTO resident(username,first_name,last_name,email,bio,password,dateAvailabletoBeginSublet,dateAvailabletoEndSublet,age,requestID,propertyID) VALUES ('rdominichetti16','Rennie','Dominichetti','rdominichetti16@marketwatch.com','curae donec pharetra magna vestibulum aliquet ultrices erat tortor sollicitudin mi sit amet lobortis sapien sapien non mi integer ac','vkcL9xM','05/21/2022','04/09/2023',33,44,74);
INSERT INTO resident(username,first_name,last_name,email,bio,password,dateAvailabletoBeginSublet,dateAvailabletoEndSublet,age,requestID,propertyID) VALUES ('imcgibbon17','Ivor','McGibbon','imcgibbon17@aboutads.info','leo maecenas pulvinar lobortis est phasellus sit amet erat nulla tempus vivamus in felis eu sapien cursus','iv3vhj','04/12/2023','08/24/2022',42,703,52);
INSERT INTO resident(username,first_name,last_name,email,bio,password,dateAvailabletoBeginSublet,dateAvailabletoEndSublet,age,requestID,propertyID) VALUES ('kmacbain18','Kevyn','MacBain','kmacbain18@nasa.gov','gravida nisi at nibh in hac habitasse platea dictumst aliquam augue quam sollicitudin vitae consectetuer','Z7OMJSM','06/15/2022','12/16/2022',49,309,47);
INSERT INTO resident(username,first_name,last_name,email,bio,password,dateAvailabletoBeginSublet,dateAvailabletoEndSublet,age,requestID,propertyID) VALUES ('jschirach19','Joyous','Schirach','jschirach19@tamu.edu','facilisi cras non velit nec nisi vulputate nonummy maecenas tincidunt lacus at velit vivamus vel nulla eget eros elementum','kQ9s8rvYORd','09/20/2022','04/01/2023',29,304,44);
INSERT INTO resident(username,first_name,last_name,email,bio,password,dateAvailabletoBeginSublet,dateAvailabletoEndSublet,age,requestID,propertyID) VALUES ('sgaunt1a','Shelagh','Gaunt','sgaunt1a@icq.com','eget nunc donec quis orci eget orci vehicula condimentum curabitur in libero ut massa volutpat convallis morbi odio odio','rFW9PRH9','03/05/2023','12/11/2022',23,152,49);
INSERT INTO resident(username,first_name,last_name,email,bio,password,dateAvailabletoBeginSublet,dateAvailabletoEndSublet,age,requestID,propertyID) VALUES ('aekell1b','Antonin','Ekell','aekell1b@wsj.com','purus phasellus in felis donec semper sapien a libero nam dui proin leo odio porttitor','tZn3o8bgic','09/05/2022','04/08/2023',22,169,21);
INSERT INTO resident(username,first_name,last_name,email,bio,password,dateAvailabletoBeginSublet,dateAvailabletoEndSublet,age,requestID,propertyID) VALUES ('bdoerr1c','Barth','Doerr','bdoerr1c@multiply.com','quam fringilla rhoncus mauris enim leo rhoncus sed vestibulum sit','ZqCGb5ZE','02/11/2023','01/08/2023',48,475,45);
INSERT INTO resident(username,first_name,last_name,email,bio,password,dateAvailabletoBeginSublet,dateAvailabletoEndSublet,age,requestID,propertyID) VALUES ('ibachman1d','Idaline','Bachman','ibachman1d@economist.com','pulvinar lobortis est phasellus sit amet erat nulla tempus vivamus in felis eu sapien cursus vestibulum','sJJU8Smdo','11/30/2022','10/05/2022',34,350,23);
INSERT INTO resident(username,first_name,last_name,email,bio,password,dateAvailabletoBeginSublet,dateAvailabletoEndSublet,age,requestID,propertyID) VALUES ('kcoolbear1e','Kristan','Coolbear','kcoolbear1e@usda.gov','quis justo maecenas rhoncus aliquam lacus morbi quis tortor id nulla ultrices aliquet maecenas leo','wdF8ApYopRxM','06/30/2022','07/09/2022',23,995,66);
INSERT INTO resident(username,first_name,last_name,email,bio,password,dateAvailabletoBeginSublet,dateAvailabletoEndSublet,age,requestID,propertyID) VALUES ('dtarge1f','Dixie','Targe','dtarge1f@cbslocal.com','pulvinar sed nisl nunc rhoncus dui vel sem sed sagittis nam congue','v6X2Ev','10/22/2022','04/16/2023',27,564,31);
INSERT INTO resident(username,first_name,last_name,email,bio,password,dateAvailabletoBeginSublet,dateAvailabletoEndSublet,age,requestID,propertyID) VALUES ('sdaid1g','Sherrie','Daid','sdaid1g@omniture.com','odio porttitor id consequat in consequat ut nulla sed accumsan felis ut','6v0a7mPS','04/24/2022','09/23/2022',23,946,96);
INSERT INTO resident(username,first_name,last_name,email,bio,password,dateAvailabletoBeginSublet,dateAvailabletoEndSublet,age,requestID,propertyID) VALUES ('lreggiani1h','Luther','Reggiani','lreggiani1h@netlog.com','consectetuer adipiscing elit proin interdum mauris non ligula pellentesque ultrices phasellus id','DGG85yR','04/10/2023','06/30/2022',46,663,36);
INSERT INTO resident(username,first_name,last_name,email,bio,password,dateAvailabletoBeginSublet,dateAvailabletoEndSublet,age,requestID,propertyID) VALUES ('cgeary1i','Cordelie','Geary','cgeary1i@netscape.com','hac habitasse platea dictumst maecenas ut massa quis augue luctus tincidunt nulla mollis molestie','ifz0END9EuUA','02/03/2023','03/03/2023',28,360,8);
INSERT INTO resident(username,first_name,last_name,email,bio,password,dateAvailabletoBeginSublet,dateAvailabletoEndSublet,age,requestID,propertyID) VALUES ('blindborg1j','Benedikt','Lindborg','blindborg1j@wisc.edu','eros elementum pellentesque quisque porta volutpat erat quisque erat eros viverra eget','duPJG8PCsNI','04/30/2022','08/07/2022',36,9,69);
INSERT INTO resident(username,first_name,last_name,email,bio,password,dateAvailabletoBeginSublet,dateAvailabletoEndSublet,age,requestID,propertyID) VALUES ('lgallihawk1k','Leontine','Gallihawk','lgallihawk1k@creativecommons.org','mollis molestie lorem quisque ut erat curabitur gravida nisi at nibh','hdg8INQrOqkA','08/31/2022','08/17/2022',23,70,39);
INSERT INTO resident(username,first_name,last_name,email,bio,password,dateAvailabletoBeginSublet,dateAvailabletoEndSublet,age,requestID,propertyID) VALUES ('jmcarthur1l','Jenelle','McArthur','jmcarthur1l@ovh.net','nulla eget eros elementum pellentesque quisque porta volutpat erat quisque erat eros viverra eget congue eget','jACeNwWk7qh','02/01/2023','03/06/2023',21,919,7);
INSERT INTO resident(username,first_name,last_name,email,bio,password,dateAvailabletoBeginSublet,dateAvailabletoEndSublet,age,requestID,propertyID) VALUES ('mbranchett1m','Meredithe','Branchett','mbranchett1m@biblegateway.com','dolor morbi vel lectus in quam fringilla rhoncus mauris enim leo rhoncus sed','CgQaNGpwM','01/18/2023','05/17/2022',39,11,51);
INSERT INTO resident(username,first_name,last_name,email,bio,password,dateAvailabletoBeginSublet,dateAvailabletoEndSublet,age,requestID,propertyID) VALUES ('walfuso1n','Weber','Alfuso','walfuso1n@sogou.com','sem fusce consequat nulla nisl nunc nisl duis bibendum felis sed interdum venenatis turpis enim blandit mi in porttitor pede','UQtrwcD','03/05/2023','12/04/2022',43,843,97);
INSERT INTO resident(username,first_name,last_name,email,bio,password,dateAvailabletoBeginSublet,dateAvailabletoEndSublet,age,requestID,propertyID) VALUES ('gdyett1o','Goldia','Dyett','gdyett1o@patch.com','placerat ante nulla justo aliquam quis turpis eget elit sodales scelerisque mauris sit amet','4oYZqMB','02/20/2023','03/03/2023',19,60,10);
INSERT INTO resident(username,first_name,last_name,email,bio,password,dateAvailabletoBeginSublet,dateAvailabletoEndSublet,age,requestID,propertyID) VALUES ('druben1p','Douglass','Ruben','druben1p@yellowbook.com','ac nulla sed vel enim sit amet nunc viverra dapibus nulla suscipit ligula in lacus curabitur at ipsum','wyU2FZvAFMM','04/21/2022','10/27/2022',32,350,70);
INSERT INTO resident(username,first_name,last_name,email,bio,password,dateAvailabletoBeginSublet,dateAvailabletoEndSublet,age,requestID,propertyID) VALUES ('bgardiner1q','Bernita','Gardiner','bgardiner1q@home.pl','orci eget orci vehicula condimentum curabitur in libero ut massa volutpat convallis morbi odio odio elementum','ODy6ASl','09/02/2022','01/14/2023',32,337,56);
INSERT INTO resident(username,first_name,last_name,email,bio,password,dateAvailabletoBeginSublet,dateAvailabletoEndSublet,age,requestID,propertyID) VALUES ('lbondar1r','Layla','Bondar','lbondar1r@yellowpages.com','donec diam neque vestibulum eget vulputate ut ultrices vel augue vestibulum ante','jGKhMWJNd','08/11/2022','05/30/2022',20,244,21);
INSERT INTO resident(username,first_name,last_name,email,bio,password,dateAvailabletoBeginSublet,dateAvailabletoEndSublet,age,requestID,propertyID) VALUES ('afurminger1s','Astrid','Furminger','afurminger1s@mashable.com','odio in hac habitasse platea dictumst maecenas ut massa quis augue luctus tincidunt nulla','NSyjN6mV','02/07/2023','09/28/2022',47,731,8);
INSERT INTO resident(username,first_name,last_name,email,bio,password,dateAvailabletoBeginSublet,dateAvailabletoEndSublet,age,requestID,propertyID) VALUES ('delsegood1t','Dexter','Elsegood','delsegood1t@noaa.gov','mattis pulvinar nulla pede ullamcorper augue a suscipit nulla elit ac nulla sed vel enim sit amet nunc','4uKfEsF','07/16/2022','10/28/2022',26,145,33);
INSERT INTO resident(username,first_name,last_name,email,bio,password,dateAvailabletoBeginSublet,dateAvailabletoEndSublet,age,requestID,propertyID) VALUES ('mgrindrod1u','Madelena','Grindrod','mgrindrod1u@studiopress.com','quis turpis sed ante vivamus tortor duis mattis egestas metus','wNgQHS2b','02/10/2023','08/17/2022',34,585,87);
INSERT INTO resident(username,first_name,last_name,email,bio,password,dateAvailabletoBeginSublet,dateAvailabletoEndSublet,age,requestID,propertyID) VALUES ('rfominov1v','Rosene','Fominov','rfominov1v@cnbc.com','felis fusce posuere felis sed lacus morbi sem mauris laoreet ut rhoncus','V5TqcPFz91','08/22/2022','07/14/2022',22,160,12);
INSERT INTO resident(username,first_name,last_name,email,bio,password,dateAvailabletoBeginSublet,dateAvailabletoEndSublet,age,requestID,propertyID) VALUES ('cdecleyne1w','Cloe','De Cleyne','cdecleyne1w@soup.io','interdum venenatis turpis enim blandit mi in porttitor pede justo eu massa donec dapibus duis at','AZsGGZ8Gdm','12/05/2022','06/14/2022',33,252,2);
INSERT INTO resident(username,first_name,last_name,email,bio,password,dateAvailabletoBeginSublet,dateAvailabletoEndSublet,age,requestID,propertyID) VALUES ('kparidge1x','Kiley','Paridge','kparidge1x@noaa.gov','metus sapien ut nunc vestibulum ante ipsum primis in faucibus orci luctus et ultrices posuere cubilia curae mauris','wvBzSwoIUT37','02/08/2023','07/14/2022',25,290,54);
INSERT INTO resident(username,first_name,last_name,email,bio,password,dateAvailabletoBeginSublet,dateAvailabletoEndSublet,age,requestID,propertyID) VALUES ('dmartinek1y','Dion','Martinek','dmartinek1y@miitbeian.gov.cn','justo nec condimentum neque sapien placerat ante nulla justo aliquam quis turpis','ReufRy5','12/28/2022','12/18/2022',46,871,23);
INSERT INTO resident(username,first_name,last_name,email,bio,password,dateAvailabletoBeginSublet,dateAvailabletoEndSublet,age,requestID,propertyID) VALUES ('cskingley1z','Constantino','Skingley','cskingley1z@pagesperso-orange.fr','tempus sit amet sem fusce consequat nulla nisl nunc nisl duis bibendum felis sed','7bAbbxlzk','03/22/2023','11/19/2022',25,755,91);
INSERT INTO resident(username,first_name,last_name,email,bio,password,dateAvailabletoBeginSublet,dateAvailabletoEndSublet,age,requestID,propertyID) VALUES ('dtax20','Der','Tax','dtax20@harvard.edu','et ultrices posuere cubilia curae donec pharetra magna vestibulum aliquet ultrices erat tortor sollicitudin','rlKxTX','09/05/2022','09/04/2022',20,37,71);
INSERT INTO resident(username,first_name,last_name,email,bio,password,dateAvailabletoBeginSublet,dateAvailabletoEndSublet,age,requestID,propertyID) VALUES ('asinson21','Avigdor','Sinson','asinson21@topsy.com','felis fusce posuere felis sed lacus morbi sem mauris laoreet ut rhoncus aliquet pulvinar sed nisl nunc rhoncus','vAd1KzK3','04/17/2023','08/31/2022',18,407,95);
INSERT INTO resident(username,first_name,last_name,email,bio,password,dateAvailabletoBeginSublet,dateAvailabletoEndSublet,age,requestID,propertyID) VALUES ('svicary22','Stern','Vicary','svicary22@mozilla.org','et magnis dis parturient montes nascetur ridiculus mus vivamus vestibulum','CmYaYDs','03/25/2023','09/03/2022',20,345,93);
INSERT INTO resident(username,first_name,last_name,email,bio,password,dateAvailabletoBeginSublet,dateAvailabletoEndSublet,age,requestID,propertyID) VALUES ('gperri23','Gail','Perri','gperri23@xrea.com','mi pede malesuada in imperdiet et commodo vulputate justo in blandit ultrices enim','BaSjq4dg','03/20/2023','02/11/2023',37,188,27);
INSERT INTO resident(username,first_name,last_name,email,bio,password,dateAvailabletoBeginSublet,dateAvailabletoEndSublet,age,requestID,propertyID) VALUES ('cworthington24','Camile','Worthington','cworthington24@samsung.com','at nulla suspendisse potenti cras in purus eu magna vulputate luctus cum sociis natoque penatibus et magnis','geWFFIWy8y','03/24/2023','10/27/2022',39,98,23);
INSERT INTO resident(username,first_name,last_name,email,bio,password,dateAvailabletoBeginSublet,dateAvailabletoEndSublet,age,requestID,propertyID) VALUES ('fhenlon25','Frederique','Henlon','fhenlon25@google.ca','mauris enim leo rhoncus sed vestibulum sit amet cursus id turpis integer aliquet massa id lobortis convallis tortor','2H5k5I','03/15/2023','09/02/2022',27,221,60);
INSERT INTO resident(username,first_name,last_name,email,bio,password,dateAvailabletoBeginSublet,dateAvailabletoEndSublet,age,requestID,propertyID) VALUES ('lrisbridge26','Lucian','Risbridge','lrisbridge26@paginegialle.it','morbi ut odio cras mi pede malesuada in imperdiet et commodo vulputate justo in','DXnMoCPL','04/25/2022','10/01/2022',41,365,78);
INSERT INTO resident(username,first_name,last_name,email,bio,password,dateAvailabletoBeginSublet,dateAvailabletoEndSublet,age,requestID,propertyID) VALUES ('jpierrepoint27','Jaimie','Pierrepoint','jpierrepoint27@wordpress.org','curae donec pharetra magna vestibulum aliquet ultrices erat tortor sollicitudin mi sit amet','vSRQQ3VV5','10/13/2022','02/03/2023',49,696,25);
INSERT INTO resident(username,first_name,last_name,email,bio,password,dateAvailabletoBeginSublet,dateAvailabletoEndSublet,age,requestID,propertyID) VALUES ('lager28','Lotte','Ager','lager28@indiatimes.com','ridiculus mus etiam vel augue vestibulum rutrum rutrum neque aenean auctor gravida sem praesent id massa id nisl venenatis','CpKknxjUML','11/18/2022','03/07/2023',37,499,40);
INSERT INTO resident(username,first_name,last_name,email,bio,password,dateAvailabletoBeginSublet,dateAvailabletoEndSublet,age,requestID,propertyID) VALUES ('ceardley29','Carlita','Eardley','ceardley29@facebook.com','ligula nec sem duis aliquam convallis nunc proin at turpis a','jjzyHut','07/07/2022','05/28/2022',23,104,99);
INSERT INTO resident(username,first_name,last_name,email,bio,password,dateAvailabletoBeginSublet,dateAvailabletoEndSublet,age,requestID,propertyID) VALUES ('smarquez2a','Sunny','Marquez','smarquez2a@latimes.com','sed tincidunt eu felis fusce posuere felis sed lacus morbi sem mauris','4qIEHaGy3','06/15/2022','03/08/2023',20,313,17);
INSERT INTO resident(username,first_name,last_name,email,bio,password,dateAvailabletoBeginSublet,dateAvailabletoEndSublet,age,requestID,propertyID) VALUES ('clailey2b','Cristine','Lailey','clailey2b@theatlantic.com','est donec odio justo sollicitudin ut suscipit a feugiat et eros vestibulum ac est lacinia','zMNl2ic1nsrF','04/29/2022','09/13/2022',18,978,46);
INSERT INTO resident(username,first_name,last_name,email,bio,password,dateAvailabletoBeginSublet,dateAvailabletoEndSublet,age,requestID,propertyID) VALUES ('opaddon2c','Opalina','Paddon','opaddon2c@cpanel.net','varius nulla facilisi cras non velit nec nisi vulputate nonummy maecenas tincidunt lacus at velit vivamus vel nulla eget eros','wycfg9zGdI','11/11/2022','11/04/2022',33,844,55);
INSERT INTO resident(username,first_name,last_name,email,bio,password,dateAvailabletoBeginSublet,dateAvailabletoEndSublet,age,requestID,propertyID) VALUES ('akassman2d','Andras','Kassman','akassman2d@smugmug.com','condimentum curabitur in libero ut massa volutpat convallis morbi odio odio elementum eu interdum eu','Nva15ognm','07/26/2022','08/10/2022',39,723,55);
INSERT INTO resident(username,first_name,last_name,email,bio,password,dateAvailabletoBeginSublet,dateAvailabletoEndSublet,age,requestID,propertyID) VALUES ('fspilsted2e','Fernanda','Spilsted','fspilsted2e@creativecommons.org','mi pede malesuada in imperdiet et commodo vulputate justo in','Tf9yhzR3','01/20/2023','06/24/2022',42,676,83);
INSERT INTO resident(username,first_name,last_name,email,bio,password,dateAvailabletoBeginSublet,dateAvailabletoEndSublet,age,requestID,propertyID) VALUES ('ehamfleet2f','Erma','Hamfleet','ehamfleet2f@drupal.org','volutpat quam pede lobortis ligula sit amet eleifend pede libero','vKFSxdDxz6WS','01/28/2023','01/22/2023',50,295,88);
INSERT INTO resident(username,first_name,last_name,email,bio,password,dateAvailabletoBeginSublet,dateAvailabletoEndSublet,age,requestID,propertyID) VALUES ('gbezant2g','Ginevra','Bezant','gbezant2g@skyrock.com','sit amet sem fusce consequat nulla nisl nunc nisl duis','YkIrRwDY89xx','10/13/2022','03/21/2023',35,132,28);
INSERT INTO resident(username,first_name,last_name,email,bio,password,dateAvailabletoBeginSublet,dateAvailabletoEndSublet,age,requestID,propertyID) VALUES ('msimond2h','Marten','Simond','msimond2h@quantcast.com','eget tempus vel pede morbi porttitor lorem id ligula suspendisse ornare consequat lectus in est risus','KuCgSIZdkMeR','05/12/2022','03/30/2023',50,443,7);
INSERT INTO resident(username,first_name,last_name,email,bio,password,dateAvailabletoBeginSublet,dateAvailabletoEndSublet,age,requestID,propertyID) VALUES ('igreengrass2i','Ikey','Greengrass','igreengrass2i@stumbleupon.com','orci eget orci vehicula condimentum curabitur in libero ut massa volutpat convallis morbi odio','Z9leLkagX','01/26/2023','01/23/2023',26,81,46);
INSERT INTO resident(username,first_name,last_name,email,bio,password,dateAvailabletoBeginSublet,dateAvailabletoEndSublet,age,requestID,propertyID) VALUES ('bburehill2j','Boycey','Burehill','bburehill2j@howstuffworks.com','massa quis augue luctus tincidunt nulla mollis molestie lorem quisque ut erat curabitur gravida nisi at nibh','c2H2oXDk5o2','01/10/2023','01/03/2023',21,83,91);
INSERT INTO resident(username,first_name,last_name,email,bio,password,dateAvailabletoBeginSublet,dateAvailabletoEndSublet,age,requestID,propertyID) VALUES ('rizzard2k','Reuben','Izzard','rizzard2k@cpanel.net','neque aenean auctor gravida sem praesent id massa id nisl venenatis lacinia aenean sit amet','4kBLesaA1rm8','04/01/2023','07/24/2022',47,12,1);
INSERT INTO resident(username,first_name,last_name,email,bio,password,dateAvailabletoBeginSublet,dateAvailabletoEndSublet,age,requestID,propertyID) VALUES ('honions2l','Hortensia','Onions','honions2l@merriam-webster.com','molestie sed justo pellentesque viverra pede ac diam cras pellentesque volutpat','bRNaFByF6Be','07/08/2022','01/22/2023',30,380,45);
INSERT INTO resident(username,first_name,last_name,email,bio,password,dateAvailabletoBeginSublet,dateAvailabletoEndSublet,age,requestID,propertyID) VALUES ('ndorosario2m','Nada','Do Rosario','ndorosario2m@oracle.com','odio consequat varius integer ac leo pellentesque ultrices mattis odio','iRPq212Mv','12/27/2022','12/21/2022',33,535,49);
INSERT INTO resident(username,first_name,last_name,email,bio,password,dateAvailabletoBeginSublet,dateAvailabletoEndSublet,age,requestID,propertyID) VALUES ('cwaind2n','Cristionna','Waind','cwaind2n@mlb.com','elit ac nulla sed vel enim sit amet nunc viverra dapibus nulla suscipit ligula in lacus curabitur at ipsum ac','r1hFj8FEE','05/20/2022','06/29/2022',36,127,33);
INSERT INTO resident(username,first_name,last_name,email,bio,password,dateAvailabletoBeginSublet,dateAvailabletoEndSublet,age,requestID,propertyID) VALUES ('phornbuckle2o','Peyter','Hornbuckle','phornbuckle2o@jugem.jp','nullam molestie nibh in lectus pellentesque at nulla suspendisse potenti cras in purus eu magna vulputate luctus cum','8GJs7LPKP','07/07/2022','05/18/2022',26,144,74);
INSERT INTO resident(username,first_name,last_name,email,bio,password,dateAvailabletoBeginSublet,dateAvailabletoEndSublet,age,requestID,propertyID) VALUES ('bcardnell2p','Bud','Cardnell','bcardnell2p@geocities.jp','ipsum primis in faucibus orci luctus et ultrices posuere cubilia','ST9nVQ1n534','07/07/2022','09/10/2022',40,452,100);
INSERT INTO resident(username,first_name,last_name,email,bio,password,dateAvailabletoBeginSublet,dateAvailabletoEndSublet,age,requestID,propertyID) VALUES ('clankester2q','Cass','Lankester','clankester2q@youku.com','convallis morbi odio odio elementum eu interdum eu tincidunt in leo maecenas pulvinar lobortis est phasellus sit','8hjAygk0','06/02/2022','02/22/2023',24,10,64);
INSERT INTO resident(username,first_name,last_name,email,bio,password,dateAvailabletoBeginSublet,dateAvailabletoEndSublet,age,requestID,propertyID) VALUES ('elandsman2r','Ellissa','Landsman','elandsman2r@friendfeed.com','nulla nunc purus phasellus in felis donec semper sapien a libero nam dui proin leo odio porttitor id consequat','BjUR9YrRPBw','04/24/2022','08/05/2022',49,456,14);


#
# Dumping data for table 'subletRequest'
#

INSERT INTO subletRequest(id,isResolved,dateResolved,info,dateSubmitted,renterUsername) VALUES (1,'false',NULL,'eget nunc donec quis orci eget orci vehicula condimentum curabitur in libero ut massa','08/30/2022','spurcerl');
INSERT INTO subletRequest(id,isResolved,dateResolved,info,dateSubmitted,renterUsername) VALUES (2,'false',NULL,'ligula sit amet eleifend pede libero quis orci nullam molestie nibh in lectus pellentesque','07/11/2022','lgallihawk1k');
INSERT INTO subletRequest(id,isResolved,dateResolved,info,dateSubmitted,renterUsername) VALUES (3,'false',NULL,'varius integer ac leo pellentesque ultrices mattis odio donec vitae nisi nam ultrices libero non mattis pulvinar nulla pede ullamcorper','06/06/2022','sgaunt1a');
INSERT INTO subletRequest(id,isResolved,dateResolved,info,dateSubmitted,renterUsername) VALUES (4,'true','02/15/2028','est congue elementum in hac habitasse platea dictumst morbi vestibulum velit','11/05/2022','iodooleys');
INSERT INTO subletRequest(id,isResolved,dateResolved,info,dateSubmitted,renterUsername) VALUES (5,'false',NULL,'enim in tempor turpis nec euismod scelerisque quam turpis adipiscing lorem vitae mattis nibh ligula','04/20/2022','jpierrepoint27');
INSERT INTO subletRequest(id,isResolved,dateResolved,info,dateSubmitted,renterUsername) VALUES (6,'true','04/14/2020','etiam vel augue vestibulum rutrum rutrum neque aenean auctor gravida sem','10/25/2022','lager28');
INSERT INTO subletRequest(id,isResolved,dateResolved,info,dateSubmitted,renterUsername) VALUES (7,'true','09/11/2028','nonummy integer non velit donec diam neque vestibulum eget vulputate ut ultrices vel','01/20/2023','gbezant2g');
INSERT INTO subletRequest(id,isResolved,dateResolved,info,dateSubmitted,renterUsername) VALUES (8,'true','10/13/2023','nullam sit amet turpis elementum ligula vehicula consequat morbi a ipsum integer a nibh in','09/04/2022','cworthington24');
INSERT INTO subletRequest(id,isResolved,dateResolved,info,dateSubmitted,renterUsername) VALUES (9,'false',NULL,'luctus et ultrices posuere cubilia curae nulla dapibus dolor vel est donec','08/25/2022','afurminger1s');
INSERT INTO subletRequest(id,isResolved,dateResolved,info,dateSubmitted,renterUsername) VALUES (10,'false',NULL,'amet lobortis sapien sapien non mi integer ac neque duis bibendum morbi non quam nec dui luctus rutrum nulla','04/23/2022','drubicaw');
INSERT INTO subletRequest(id,isResolved,dateResolved,info,dateSubmitted,renterUsername) VALUES (11,'true','07/13/2028','eu felis fusce posuere felis sed lacus morbi sem mauris laoreet ut rhoncus aliquet pulvinar','12/18/2022','jschirach19');
INSERT INTO subletRequest(id,isResolved,dateResolved,info,dateSubmitted,renterUsername) VALUES (12,'false',NULL,'viverra dapibus nulla suscipit ligula in lacus curabitur at ipsum ac tellus semper interdum mauris ullamcorper purus','02/17/2023','imcgibbon17');
INSERT INTO subletRequest(id,isResolved,dateResolved,info,dateSubmitted,renterUsername) VALUES (13,'false',NULL,'nec condimentum neque sapien placerat ante nulla justo aliquam quis turpis eget elit','07/21/2022','gdyett1o');
INSERT INTO subletRequest(id,isResolved,dateResolved,info,dateSubmitted,renterUsername) VALUES (14,'false',NULL,'sed tristique in tempus sit amet sem fusce consequat nulla nisl nunc nisl','02/06/2023','sgaunt1a');
INSERT INTO subletRequest(id,isResolved,dateResolved,info,dateSubmitted,renterUsername) VALUES (15,'false',NULL,'ultrices vel augue vestibulum ante ipsum primis in faucibus orci','09/27/2022','svicary22');
INSERT INTO subletRequest(id,isResolved,dateResolved,info,dateSubmitted,renterUsername) VALUES (16,'true','08/19/2026','sed vel enim sit amet nunc viverra dapibus nulla suscipit ligula in','02/19/2023','rcaso4');
INSERT INTO subletRequest(id,isResolved,dateResolved,info,dateSubmitted,renterUsername) VALUES (17,'false',NULL,'natoque penatibus et magnis dis parturient montes nascetur ridiculus mus vivamus vestibulum sagittis sapien cum','12/24/2022','dtax20');
INSERT INTO subletRequest(id,isResolved,dateResolved,info,dateSubmitted,renterUsername) VALUES (18,'true','10/22/2029','nam congue risus semper porta volutpat quam pede lobortis ligula sit amet eleifend pede libero quis orci nullam molestie','05/20/2022','cworthington24');
INSERT INTO subletRequest(id,isResolved,dateResolved,info,dateSubmitted,renterUsername) VALUES (19,'false',NULL,'malesuada in imperdiet et commodo vulputate justo in blandit ultrices enim lorem ipsum','06/01/2022','aoheffernanq');
INSERT INTO subletRequest(id,isResolved,dateResolved,info,dateSubmitted,renterUsername) VALUES (20,'true','07/17/2028','justo etiam pretium iaculis justo in hac habitasse platea dictumst','07/11/2022','sspantonm');
INSERT INTO subletRequest(id,isResolved,dateResolved,info,dateSubmitted,renterUsername) VALUES (21,'false',NULL,'pulvinar nulla pede ullamcorper augue a suscipit nulla elit ac','06/05/2022','kmanna15');
INSERT INTO subletRequest(id,isResolved,dateResolved,info,dateSubmitted,renterUsername) VALUES (22,'false',NULL,'in faucibus orci luctus et ultrices posuere cubilia curae donec','10/16/2022','jpierrepoint27');
INSERT INTO subletRequest(id,isResolved,dateResolved,info,dateSubmitted,renterUsername) VALUES (23,'true','01/25/2024','aliquet pulvinar sed nisl nunc rhoncus dui vel sem sed sagittis nam congue risus semper porta volutpat quam pede lobortis','08/08/2022','delsegood1t');
INSERT INTO subletRequest(id,isResolved,dateResolved,info,dateSubmitted,renterUsername) VALUES (24,'false',NULL,'sed vel enim sit amet nunc viverra dapibus nulla suscipit ligula in lacus curabitur at','07/14/2022','phornbuckle2o');
INSERT INTO subletRequest(id,isResolved,dateResolved,info,dateSubmitted,renterUsername) VALUES (25,'true','02/15/2020','morbi non quam nec dui luctus rutrum nulla tellus in sagittis dui vel nisl','06/13/2022','cgeary1i');
INSERT INTO subletRequest(id,isResolved,dateResolved,info,dateSubmitted,renterUsername) VALUES (26,'true','09/07/2019','amet eros suspendisse accumsan tortor quis turpis sed ante vivamus tortor duis mattis egestas metus aenean fermentum donec','05/07/2022','dtarge1f');
INSERT INTO subletRequest(id,isResolved,dateResolved,info,dateSubmitted,renterUsername) VALUES (27,'true','12/25/2027','curabitur gravida nisi at nibh in hac habitasse platea dictumst aliquam augue quam sollicitudin vitae consectetuer eget','08/24/2022','opaddon2c');
INSERT INTO subletRequest(id,isResolved,dateResolved,info,dateSubmitted,renterUsername) VALUES (28,'true','10/06/2019','mauris morbi non lectus aliquam sit amet diam in magna bibendum imperdiet','11/18/2022','lgallihawk1k');
INSERT INTO subletRequest(id,isResolved,dateResolved,info,dateSubmitted,renterUsername) VALUES (29,'false',NULL,'eget vulputate ut ultrices vel augue vestibulum ante ipsum primis in','06/03/2022','aekell1b');
INSERT INTO subletRequest(id,isResolved,dateResolved,info,dateSubmitted,renterUsername) VALUES (30,'true','01/26/2029','non pretium quis lectus suspendisse potenti in eleifend quam a odio','03/24/2023','bdoerr1c');
INSERT INTO subletRequest(id,isResolved,dateResolved,info,dateSubmitted,renterUsername) VALUES (31,'true','12/30/2027','sed lacus morbi sem mauris laoreet ut rhoncus aliquet pulvinar sed nisl nunc','01/12/2023','dvaud1');
INSERT INTO subletRequest(id,isResolved,dateResolved,info,dateSubmitted,renterUsername) VALUES (32,'false',NULL,'odio curabitur convallis duis consequat dui nec nisi volutpat eleifend donec ut dolor morbi vel lectus in quam fringilla rhoncus','07/05/2022','evorleyt');
INSERT INTO subletRequest(id,isResolved,dateResolved,info,dateSubmitted,renterUsername) VALUES (33,'false',NULL,'bibendum imperdiet nullam orci pede venenatis non sodales sed tincidunt eu felis','04/20/2022','sspantonm');
INSERT INTO subletRequest(id,isResolved,dateResolved,info,dateSubmitted,renterUsername) VALUES (34,'true','02/09/2023','amet sem fusce consequat nulla nisl nunc nisl duis bibendum felis sed interdum venenatis turpis','11/06/2022','flearmand');
INSERT INTO subletRequest(id,isResolved,dateResolved,info,dateSubmitted,renterUsername) VALUES (35,'false',NULL,'odio odio elementum eu interdum eu tincidunt in leo maecenas pulvinar lobortis est phasellus sit amet erat nulla tempus','10/26/2022','kcoolbear1e');
INSERT INTO subletRequest(id,isResolved,dateResolved,info,dateSubmitted,renterUsername) VALUES (36,'true','08/06/2025','nunc nisl duis bibendum felis sed interdum venenatis turpis enim blandit mi in porttitor pede justo eu','09/22/2022','hchanth');
INSERT INTO subletRequest(id,isResolved,dateResolved,info,dateSubmitted,renterUsername) VALUES (37,'false',NULL,'erat vestibulum sed magna at nunc commodo placerat praesent blandit nam nulla integer pede','05/24/2022','sverdun7');
INSERT INTO subletRequest(id,isResolved,dateResolved,info,dateSubmitted,renterUsername) VALUES (38,'true','12/31/2018','id mauris vulputate elementum nullam varius nulla facilisi cras non velit nec nisi vulputate','01/01/2023','smarquez2a');
INSERT INTO subletRequest(id,isResolved,dateResolved,info,dateSubmitted,renterUsername) VALUES (39,'true','12/03/2025','vestibulum ante ipsum primis in faucibus orci luctus et ultrices posuere cubilia curae nulla dapibus dolor vel est','03/01/2023','gdyett1o');
INSERT INTO subletRequest(id,isResolved,dateResolved,info,dateSubmitted,renterUsername) VALUES (40,'true','04/26/2023','mus etiam vel augue vestibulum rutrum rutrum neque aenean auctor gravida sem praesent id massa id nisl venenatis lacinia','06/25/2022','ehagerghamj');
INSERT INTO subletRequest(id,isResolved,dateResolved,info,dateSubmitted,renterUsername) VALUES (41,'true','07/30/2020','pede libero quis orci nullam molestie nibh in lectus pellentesque at nulla suspendisse potenti cras in purus eu magna vulputate','08/20/2022','dtarge1f');
INSERT INTO subletRequest(id,isResolved,dateResolved,info,dateSubmitted,renterUsername) VALUES (42,'false',NULL,'est phasellus sit amet erat nulla tempus vivamus in felis eu sapien cursus vestibulum proin eu mi nulla ac','08/28/2022','dmartinek1y');
INSERT INTO subletRequest(id,isResolved,dateResolved,info,dateSubmitted,renterUsername) VALUES (43,'false',NULL,'enim leo rhoncus sed vestibulum sit amet cursus id turpis integer aliquet massa id lobortis convallis tortor risus dapibus augue','10/14/2022','mbranchett1m');
INSERT INTO subletRequest(id,isResolved,dateResolved,info,dateSubmitted,renterUsername) VALUES (44,'false',NULL,'ac nulla sed vel enim sit amet nunc viverra dapibus nulla suscipit ligula in lacus curabitur at ipsum ac','08/22/2022','asinson21');
INSERT INTO subletRequest(id,isResolved,dateResolved,info,dateSubmitted,renterUsername) VALUES (45,'false',NULL,'pellentesque volutpat dui maecenas tristique est et tempus semper est quam pharetra magna ac consequat metus sapien ut nunc vestibulum','06/28/2022','elandsman2r');
INSERT INTO subletRequest(id,isResolved,dateResolved,info,dateSubmitted,renterUsername) VALUES (46,'false',NULL,'eget eleifend luctus ultricies eu nibh quisque id justo sit amet sapien dignissim vestibulum vestibulum ante','05/28/2022','rizzard2k');
INSERT INTO subletRequest(id,isResolved,dateResolved,info,dateSubmitted,renterUsername) VALUES (47,'false',NULL,'curabitur at ipsum ac tellus semper interdum mauris ullamcorper purus sit amet nulla quisque arcu libero rutrum','11/13/2022','dtax20');
INSERT INTO subletRequest(id,isResolved,dateResolved,info,dateSubmitted,renterUsername) VALUES (48,'true','02/10/2029','sit amet cursus id turpis integer aliquet massa id lobortis convallis tortor risus dapibus augue vel accumsan tellus nisi','12/27/2022','dvaud1');
INSERT INTO subletRequest(id,isResolved,dateResolved,info,dateSubmitted,renterUsername) VALUES (49,'true','07/08/2021','ut at dolor quis odio consequat varius integer ac leo pellentesque ultrices mattis odio donec vitae nisi nam','09/02/2022','walfuso1n');
INSERT INTO subletRequest(id,isResolved,dateResolved,info,dateSubmitted,renterUsername) VALUES (50,'true','12/01/2020','aliquam quis turpis eget elit sodales scelerisque mauris sit amet eros suspendisse accumsan tortor','11/12/2022','cdytev');
INSERT INTO subletRequest(id,isResolved,dateResolved,info,dateSubmitted,renterUsername) VALUES (51,'true','03/10/2021','purus aliquet at feugiat non pretium quis lectus suspendisse potenti in eleifend quam a','12/28/2022','ehamfleet2f');
INSERT INTO subletRequest(id,isResolved,dateResolved,info,dateSubmitted,renterUsername) VALUES (52,'false',NULL,'quis orci nullam molestie nibh in lectus pellentesque at nulla','10/09/2022','mdeanesy6');
INSERT INTO subletRequest(id,isResolved,dateResolved,info,dateSubmitted,renterUsername) VALUES (53,'false',NULL,'vestibulum ante ipsum primis in faucibus orci luctus et ultrices','04/11/2023','clailey2b');
INSERT INTO subletRequest(id,isResolved,dateResolved,info,dateSubmitted,renterUsername) VALUES (54,'true','06/05/2021','luctus rutrum nulla tellus in sagittis dui vel nisl duis ac nibh','06/27/2022','afurminger1s');
INSERT INTO subletRequest(id,isResolved,dateResolved,info,dateSubmitted,renterUsername) VALUES (55,'true','12/23/2022','quis lectus suspendisse potenti in eleifend quam a odio in hac habitasse platea dictumst maecenas ut massa quis augue','07/12/2022','bsidle2');
INSERT INTO subletRequest(id,isResolved,dateResolved,info,dateSubmitted,renterUsername) VALUES (56,'false',NULL,'amet justo morbi ut odio cras mi pede malesuada in imperdiet et commodo vulputate justo in blandit ultrices enim lorem','12/05/2022','kparidge1x');
INSERT INTO subletRequest(id,isResolved,dateResolved,info,dateSubmitted,renterUsername) VALUES (57,'true','03/10/2025','congue diam id ornare imperdiet sapien urna pretium nisl ut volutpat sapien arcu sed augue aliquam erat volutpat','08/03/2022','cwaind2n');
INSERT INTO subletRequest(id,isResolved,dateResolved,info,dateSubmitted,renterUsername) VALUES (58,'true','06/30/2029','morbi porttitor lorem id ligula suspendisse ornare consequat lectus in','10/03/2022','mgrindrod1u');
INSERT INTO subletRequest(id,isResolved,dateResolved,info,dateSubmitted,renterUsername) VALUES (59,'false',NULL,'accumsan felis ut at dolor quis odio consequat varius integer ac leo','10/07/2022','druben1p');
INSERT INTO subletRequest(id,isResolved,dateResolved,info,dateSubmitted,renterUsername) VALUES (60,'false',NULL,'congue etiam justo etiam pretium iaculis justo in hac habitasse platea dictumst etiam faucibus cursus urna ut tellus nulla','06/11/2022','dvaud1');
INSERT INTO subletRequest(id,isResolved,dateResolved,info,dateSubmitted,renterUsername) VALUES (61,'false',NULL,'eget elit sodales scelerisque mauris sit amet eros suspendisse accumsan tortor quis turpis sed ante vivamus','01/09/2023','gdyett1o');
INSERT INTO subletRequest(id,isResolved,dateResolved,info,dateSubmitted,renterUsername) VALUES (62,'true','03/04/2020','sapien iaculis congue vivamus metus arcu adipiscing molestie hendrerit at vulputate vitae nisl aenean lectus','09/15/2022','tmcaughtrie11');
INSERT INTO subletRequest(id,isResolved,dateResolved,info,dateSubmitted,renterUsername) VALUES (63,'false',NULL,'vestibulum rutrum rutrum neque aenean auctor gravida sem praesent id massa id nisl venenatis lacinia aenean','05/20/2022','bcardnell2p');
INSERT INTO subletRequest(id,isResolved,dateResolved,info,dateSubmitted,renterUsername) VALUES (64,'true','09/07/2027','ut rhoncus aliquet pulvinar sed nisl nunc rhoncus dui vel sem sed sagittis nam congue risus semper porta volutpat','04/26/2022','rwetwood10');
INSERT INTO subletRequest(id,isResolved,dateResolved,info,dateSubmitted,renterUsername) VALUES (65,'true','03/04/2030','vel augue vestibulum rutrum rutrum neque aenean auctor gravida sem praesent id massa id nisl venenatis lacinia aenean sit amet','01/24/2023','asinson21');
INSERT INTO subletRequest(id,isResolved,dateResolved,info,dateSubmitted,renterUsername) VALUES (66,'true','04/14/2024','justo nec condimentum neque sapien placerat ante nulla justo aliquam quis turpis eget elit sodales','09/23/2022','sgreguolu');
INSERT INTO subletRequest(id,isResolved,dateResolved,info,dateSubmitted,renterUsername) VALUES (67,'false',NULL,'eu mi nulla ac enim in tempor turpis nec euismod scelerisque quam turpis adipiscing lorem vitae mattis nibh','10/13/2022','delsegood1t');
INSERT INTO subletRequest(id,isResolved,dateResolved,info,dateSubmitted,renterUsername) VALUES (68,'true','11/10/2020','eros vestibulum ac est lacinia nisi venenatis tristique fusce congue diam','12/29/2022','lrisbridge26');
INSERT INTO subletRequest(id,isResolved,dateResolved,info,dateSubmitted,renterUsername) VALUES (69,'true','01/09/2022','molestie hendrerit at vulputate vitae nisl aenean lectus pellentesque eget nunc donec quis','07/27/2022','cskingley1z');
INSERT INTO subletRequest(id,isResolved,dateResolved,info,dateSubmitted,renterUsername) VALUES (70,'false',NULL,'a feugiat et eros vestibulum ac est lacinia nisi venenatis tristique fusce congue diam id ornare','03/31/2023','lgallihawk1k');
INSERT INTO subletRequest(id,isResolved,dateResolved,info,dateSubmitted,renterUsername) VALUES (71,'true','12/16/2028','rutrum neque aenean auctor gravida sem praesent id massa id nisl venenatis lacinia aenean sit amet justo morbi','08/06/2022','fhenlon25');
INSERT INTO subletRequest(id,isResolved,dateResolved,info,dateSubmitted,renterUsername) VALUES (72,'true','08/09/2019','justo morbi ut odio cras mi pede malesuada in imperdiet et commodo vulputate','05/06/2022','iodooleys');
INSERT INTO subletRequest(id,isResolved,dateResolved,info,dateSubmitted,renterUsername) VALUES (73,'true','03/03/2024','aliquam erat volutpat in congue etiam justo etiam pretium iaculis justo in hac habitasse platea dictumst etiam faucibus','10/08/2022','ibachman1d');
INSERT INTO subletRequest(id,isResolved,dateResolved,info,dateSubmitted,renterUsername) VALUES (74,'false',NULL,'ante ipsum primis in faucibus orci luctus et ultrices posuere cubilia curae donec pharetra magna vestibulum','11/13/2022','aelkin14');
INSERT INTO subletRequest(id,isResolved,dateResolved,info,dateSubmitted,renterUsername) VALUES (75,'true','07/24/2020','augue aliquam erat volutpat in congue etiam justo etiam pretium iaculis justo in hac habitasse platea dictumst etiam','08/09/2022','kmanna15');
INSERT INTO subletRequest(id,isResolved,dateResolved,info,dateSubmitted,renterUsername) VALUES (76,'false',NULL,'at dolor quis odio consequat varius integer ac leo pellentesque ultrices mattis odio donec vitae nisi nam ultrices libero non','10/04/2022','msimond2h');
INSERT INTO subletRequest(id,isResolved,dateResolved,info,dateSubmitted,renterUsername) VALUES (77,'true','10/06/2025','vel accumsan tellus nisi eu orci mauris lacinia sapien quis libero nullam sit amet turpis elementum ligula','12/28/2022','lbeswick13');
INSERT INTO subletRequest(id,isResolved,dateResolved,info,dateSubmitted,renterUsername) VALUES (78,'true','09/15/2027','posuere cubilia curae nulla dapibus dolor vel est donec odio','10/03/2022','gperri23');
INSERT INTO subletRequest(id,isResolved,dateResolved,info,dateSubmitted,renterUsername) VALUES (79,'true','12/27/2026','proin at turpis a pede posuere nonummy integer non velit donec diam neque vestibulum eget vulputate ut ultrices vel','09/22/2022','jschirach19');
INSERT INTO subletRequest(id,isResolved,dateResolved,info,dateSubmitted,renterUsername) VALUES (80,'false',NULL,'eu magna vulputate luctus cum sociis natoque penatibus et magnis dis parturient montes nascetur ridiculus mus','09/22/2022','druben1p');
INSERT INTO subletRequest(id,isResolved,dateResolved,info,dateSubmitted,renterUsername) VALUES (81,'true','12/29/2023','vivamus tortor duis mattis egestas metus aenean fermentum donec ut mauris eget massa tempor convallis nulla','08/11/2022','fspilsted2e');
INSERT INTO subletRequest(id,isResolved,dateResolved,info,dateSubmitted,renterUsername) VALUES (82,'true','11/05/2020','nibh fusce lacus purus aliquet at feugiat non pretium quis lectus suspendisse potenti in eleifend quam a odio','08/01/2022','fhenlon25');
INSERT INTO subletRequest(id,isResolved,dateResolved,info,dateSubmitted,renterUsername) VALUES (83,'false',NULL,'nisl nunc rhoncus dui vel sem sed sagittis nam congue risus semper porta volutpat quam pede','12/09/2022','dvaud1');
INSERT INTO subletRequest(id,isResolved,dateResolved,info,dateSubmitted,renterUsername) VALUES (84,'false',NULL,'integer ac leo pellentesque ultrices mattis odio donec vitae nisi nam ultrices libero non mattis','06/01/2022','dfennerz');
INSERT INTO subletRequest(id,isResolved,dateResolved,info,dateSubmitted,renterUsername) VALUES (85,'false',NULL,'pellentesque viverra pede ac diam cras pellentesque volutpat dui maecenas tristique est et tempus semper','07/29/2022','tmcaughtrie11');
INSERT INTO subletRequest(id,isResolved,dateResolved,info,dateSubmitted,renterUsername) VALUES (86,'false',NULL,'in hac habitasse platea dictumst etiam faucibus cursus urna ut tellus nulla ut erat id','11/04/2022','kparidge1x');
INSERT INTO subletRequest(id,isResolved,dateResolved,info,dateSubmitted,renterUsername) VALUES (87,'true','06/28/2019','aliquam quis turpis eget elit sodales scelerisque mauris sit amet eros suspendisse accumsan tortor quis turpis sed ante vivamus','02/05/2023','blindborg1j');
INSERT INTO subletRequest(id,isResolved,dateResolved,info,dateSubmitted,renterUsername) VALUES (88,'true','03/11/2020','vel accumsan tellus nisi eu orci mauris lacinia sapien quis libero','12/08/2022','elamanbye');
INSERT INTO subletRequest(id,isResolved,dateResolved,info,dateSubmitted,renterUsername) VALUES (89,'true','01/01/2025','amet sapien dignissim vestibulum vestibulum ante ipsum primis in faucibus orci luctus','05/11/2022','dmartinek1y');
INSERT INTO subletRequest(id,isResolved,dateResolved,info,dateSubmitted,renterUsername) VALUES (90,'false',NULL,'lacinia eget tincidunt eget tempus vel pede morbi porttitor lorem id ligula suspendisse ornare consequat lectus in est risus','11/24/2022','bdoerr1c');
INSERT INTO subletRequest(id,isResolved,dateResolved,info,dateSubmitted,renterUsername) VALUES (91,'true','10/13/2019','morbi vestibulum velit id pretium iaculis diam erat fermentum justo nec condimentum neque sapien placerat ante nulla justo aliquam','06/16/2022','spurcerl');
INSERT INTO subletRequest(id,isResolved,dateResolved,info,dateSubmitted,renterUsername) VALUES (92,'false',NULL,'eget nunc donec quis orci eget orci vehicula condimentum curabitur in libero ut massa volutpat','09/13/2022','kmacbain18');
INSERT INTO subletRequest(id,isResolved,dateResolved,info,dateSubmitted,renterUsername) VALUES (93,'false',NULL,'faucibus accumsan odio curabitur convallis duis consequat dui nec nisi volutpat eleifend donec ut dolor morbi vel lectus in','09/05/2022','lbondar1r');
INSERT INTO subletRequest(id,isResolved,dateResolved,info,dateSubmitted,renterUsername) VALUES (94,'true','04/19/2025','blandit nam nulla integer pede justo lacinia eget tincidunt eget tempus vel pede morbi porttitor lorem id','10/01/2022','bcardnell2p');
INSERT INTO subletRequest(id,isResolved,dateResolved,info,dateSubmitted,renterUsername) VALUES (95,'true','02/18/2021','fermentum donec ut mauris eget massa tempor convallis nulla neque libero convallis eget','04/06/2023','iodooleys');
INSERT INTO subletRequest(id,isResolved,dateResolved,info,dateSubmitted,renterUsername) VALUES (96,'true','01/19/2021','orci mauris lacinia sapien quis libero nullam sit amet turpis elementum ligula vehicula','10/26/2022','mjeffreec');
INSERT INTO subletRequest(id,isResolved,dateResolved,info,dateSubmitted,renterUsername) VALUES (97,'true','11/21/2024','etiam justo etiam pretium iaculis justo in hac habitasse platea dictumst etiam','12/27/2022','everginef');
INSERT INTO subletRequest(id,isResolved,dateResolved,info,dateSubmitted,renterUsername) VALUES (98,'true','01/09/2022','duis consequat dui nec nisi volutpat eleifend donec ut dolor morbi vel lectus in quam fringilla','06/27/2022','hchanth');
INSERT INTO subletRequest(id,isResolved,dateResolved,info,dateSubmitted,renterUsername) VALUES (99,'true','12/07/2018','vestibulum aliquet ultrices erat tortor sollicitudin mi sit amet lobortis sapien sapien non mi integer ac neque duis bibendum','06/25/2022','rwetwood10');
INSERT INTO subletRequest(id,isResolved,dateResolved,info,dateSubmitted,renterUsername) VALUES (100,'false',NULL,'parturient montes nascetur ridiculus mus etiam vel augue vestibulum rutrum rutrum neque aenean auctor gravida sem praesent id','08/23/2022','lstrangwardi');


#
# Dumping data for table 'user'
#

INSERT INTO user(username,first_name,last_name,email,bio,age,date_Joined,date_Begin_Sublet,date_End_Sublet,pets,password,zipcode,requestID) VALUES ('msukbhans0','Maxwell','Sukbhans','msukbhans0@sakura.ne.jp','in lectus pellentesque at nulla suspendisse potenti cras in purus eu',33,'05/01/2022','03/01/2023','03/22/2023','true','SVjonoPI','4110',9);
INSERT INTO user(username,first_name,last_name,email,bio,age,date_Joined,date_Begin_Sublet,date_End_Sublet,pets,password,zipcode,requestID) VALUES ('chowgego1','Corinna','Howgego','chowgego1@weather.com','bibendum imperdiet nullam orci pede venenatis non sodales sed tincidunt',28,'09/02/2022','01/01/2023','11/19/2022','true','AswQXLIFGs',NULL,96);
INSERT INTO user(username,first_name,last_name,email,bio,age,date_Joined,date_Begin_Sublet,date_End_Sublet,pets,password,zipcode,requestID) VALUES ('adeschlein2','Alicea','Deschlein','adeschlein2@4shared.com','pede ullamcorper augue a suscipit nulla elit ac nulla sed vel enim sit',24,'07/27/2022','04/23/2022','10/22/2022','false','t7p16nA7Wc','1497',65);
INSERT INTO user(username,first_name,last_name,email,bio,age,date_Joined,date_Begin_Sublet,date_End_Sublet,pets,password,zipcode,requestID) VALUES ('nlusher3','Nathan','Lusher','nlusher3@lulu.com','aliquet at feugiat non pretium quis lectus suspendisse potenti in eleifend quam a odio',40,'05/29/2022','01/11/2023','02/23/2023','false','mU6Jpw0UqT','L-8356',89);
INSERT INTO user(username,first_name,last_name,email,bio,age,date_Joined,date_Begin_Sublet,date_End_Sublet,pets,password,zipcode,requestID) VALUES ('svigietti4','Shalom','Vigietti','svigietti4@a8.net','massa id lobortis convallis tortor risus dapibus augue vel accumsan tellus nisi eu orci mauris lacinia',50,'09/17/2022','08/13/2022','09/04/2022','false','0XYEKvCDG15',NULL,41);
INSERT INTO user(username,first_name,last_name,email,bio,age,date_Joined,date_Begin_Sublet,date_End_Sublet,pets,password,zipcode,requestID) VALUES ('estandidge5','Ebeneser','Standidge','estandidge5@mapy.cz','in quis justo maecenas rhoncus aliquam lacus morbi quis tortor id nulla ultrices aliquet maecenas',32,'09/09/2022','04/12/2023','06/02/2022','false','pgg4qdZxgdOT',NULL,50);
INSERT INTO user(username,first_name,last_name,email,bio,age,date_Joined,date_Begin_Sublet,date_End_Sublet,pets,password,zipcode,requestID) VALUES ('ldrust6','Lizbeth','Drust','ldrust6@topsy.com','enim lorem ipsum dolor sit amet consectetuer adipiscing elit proin interdum mauris non ligula pellentesque ultrices phasellus id sapien',34,'08/05/2022','03/04/2023','11/19/2022','true','slXsqMeFDz',NULL,24);
INSERT INTO user(username,first_name,last_name,email,bio,age,date_Joined,date_Begin_Sublet,date_End_Sublet,pets,password,zipcode,requestID) VALUES ('vnurny7','Vinni','Nurny','vnurny7@seattletimes.com','in eleifend quam a odio in hac habitasse platea dictumst maecenas ut massa quis augue luctus tincidunt nulla',46,'01/09/2023','11/02/2022','03/19/2023','true','T9kExjT3zA',NULL,28);
INSERT INTO user(username,first_name,last_name,email,bio,age,date_Joined,date_Begin_Sublet,date_End_Sublet,pets,password,zipcode,requestID) VALUES ('tdenekamp8','Taddeusz','Denekamp','tdenekamp8@ft.com','leo rhoncus sed vestibulum sit amet cursus id turpis integer aliquet massa id lobortis convallis tortor risus dapibus augue vel',23,'12/05/2022','05/15/2022','12/24/2022','true','c29vbdUjv','6506',65);
INSERT INTO user(username,first_name,last_name,email,bio,age,date_Joined,date_Begin_Sublet,date_End_Sublet,pets,password,zipcode,requestID) VALUES ('dmarzele9','Dominick','Marzele','dmarzele9@jiathis.com','sodales scelerisque mauris sit amet eros suspendisse accumsan tortor quis turpis sed ante vivamus tortor duis',46,'08/19/2022','11/06/2022','07/17/2022','false','Mi1iUC',NULL,96);
INSERT INTO user(username,first_name,last_name,email,bio,age,date_Joined,date_Begin_Sublet,date_End_Sublet,pets,password,zipcode,requestID) VALUES ('adeenera','Aindrea','Deener','adeenera@dailymotion.com','mi nulla ac enim in tempor turpis nec euismod scelerisque quam turpis adipiscing lorem vitae',19,'02/06/2023','11/23/2022','03/11/2023','false','EjAoEmxY',NULL,55);
INSERT INTO user(username,first_name,last_name,email,bio,age,date_Joined,date_Begin_Sublet,date_End_Sublet,pets,password,zipcode,requestID) VALUES ('ngallallyb','Noel','Gallally','ngallallyb@webnode.com','vehicula condimentum curabitur in libero ut massa volutpat convallis morbi odio odio elementum eu interdum eu tincidunt in leo',33,'08/21/2022','06/17/2022','03/01/2023','false','0Qh0guEWioZ',NULL,62);
INSERT INTO user(username,first_name,last_name,email,bio,age,date_Joined,date_Begin_Sublet,date_End_Sublet,pets,password,zipcode,requestID) VALUES ('cprucknerc','Ced','Pruckner','cprucknerc@cpanel.net','primis in faucibus orci luctus et ultrices posuere cubilia curae',41,'12/20/2022','10/16/2022','05/03/2022','true','nBYdGTHk','416457',22);
INSERT INTO user(username,first_name,last_name,email,bio,age,date_Joined,date_Begin_Sublet,date_End_Sublet,pets,password,zipcode,requestID) VALUES ('glaydond','Greta','Laydon','glaydond@nba.com','eleifend quam a odio in hac habitasse platea dictumst maecenas ut massa quis augue luctus tincidunt nulla mollis molestie lorem',35,'07/02/2022','06/02/2022','02/05/2023','true','FiIZQR96SmUu',NULL,90);
INSERT INTO user(username,first_name,last_name,email,bio,age,date_Joined,date_Begin_Sublet,date_End_Sublet,pets,password,zipcode,requestID) VALUES ('bhawleye','Brigham','Hawley','bhawleye@state.tx.us','id mauris vulputate elementum nullam varius nulla facilisi cras non velit nec',50,'08/14/2022','01/13/2023','01/23/2023','true','NmQA5r','4115',25);
INSERT INTO user(username,first_name,last_name,email,bio,age,date_Joined,date_Begin_Sublet,date_End_Sublet,pets,password,zipcode,requestID) VALUES ('tmonellef','Tandie','Monelle','tmonellef@people.com.cn','maecenas rhoncus aliquam lacus morbi quis tortor id nulla ultrices aliquet maecenas leo odio condimentum id',21,'01/02/2023','05/28/2022','09/25/2022','false','EPfbEyRa92QD',NULL,98);
INSERT INTO user(username,first_name,last_name,email,bio,age,date_Joined,date_Begin_Sublet,date_End_Sublet,pets,password,zipcode,requestID) VALUES ('cfranceyg','Christabella','Francey','cfranceyg@nhs.uk','sit amet diam in magna bibendum imperdiet nullam orci pede venenatis non sodales sed tincidunt',48,'10/16/2022','04/14/2023','01/30/2023','true','zycckpcuQs0','60663',15);
INSERT INTO user(username,first_name,last_name,email,bio,age,date_Joined,date_Begin_Sublet,date_End_Sublet,pets,password,zipcode,requestID) VALUES ('mcrichtonh','Mathias','Crichton','mcrichtonh@foxnews.com','quis odio consequat varius integer ac leo pellentesque ultrices mattis odio donec vitae nisi nam ultrices libero non mattis pulvinar',41,'05/10/2022','06/21/2022','05/18/2022','false','MeJpQjmASkO','404146',47);
INSERT INTO user(username,first_name,last_name,email,bio,age,date_Joined,date_Begin_Sublet,date_End_Sublet,pets,password,zipcode,requestID) VALUES ('ehaddletoni','Eolanda','Haddleton','ehaddletoni@google.com.hk','lorem ipsum dolor sit amet consectetuer adipiscing elit proin risus praesent lectus',46,'07/06/2022','02/09/2023','06/01/2022','false','5caXlOb','80262',90);
INSERT INTO user(username,first_name,last_name,email,bio,age,date_Joined,date_Begin_Sublet,date_End_Sublet,pets,password,zipcode,requestID) VALUES ('jeydelj','Jarvis','Eydel','jeydelj@chronoengine.com','aliquet pulvinar sed nisl nunc rhoncus dui vel sem sed sagittis',23,'09/04/2022','05/13/2022','09/03/2022','true','lALWMjoZrH',NULL,3);
INSERT INTO user(username,first_name,last_name,email,bio,age,date_Joined,date_Begin_Sublet,date_End_Sublet,pets,password,zipcode,requestID) VALUES ('gheadfordk','Gasparo','Headford','gheadfordk@upenn.edu','nisl duis ac nibh fusce lacus purus aliquet at feugiat non pretium quis lectus suspendisse potenti in eleifend quam',26,'12/10/2022','08/03/2022','09/21/2022','true','fpZ6ZjLM','76210',47);
INSERT INTO user(username,first_name,last_name,email,bio,age,date_Joined,date_Begin_Sublet,date_End_Sublet,pets,password,zipcode,requestID) VALUES ('jabryl','Joseph','Abry','jabryl@aol.com','cubilia curae duis faucibus accumsan odio curabitur convallis duis consequat dui nec',41,'03/05/2023','01/16/2023','07/01/2022','true','pc2GdInxHSCV','29193 CEDEX',61);
INSERT INTO user(username,first_name,last_name,email,bio,age,date_Joined,date_Begin_Sublet,date_End_Sublet,pets,password,zipcode,requestID) VALUES ('nleidenm','Nahum','Leiden','nleidenm@artisteer.com','porta volutpat quam pede lobortis ligula sit amet eleifend pede libero quis',22,'02/27/2023','06/08/2022','12/30/2022','false','TGqiq5A','16009',88);
INSERT INTO user(username,first_name,last_name,email,bio,age,date_Joined,date_Begin_Sublet,date_End_Sublet,pets,password,zipcode,requestID) VALUES ('akattn','Arron','Katt','akattn@bbc.co.uk','mi integer ac neque duis bibendum morbi non quam nec dui luctus rutrum nulla tellus',34,'02/06/2023','01/10/2023','07/25/2022','false','1eRWdp',NULL,14);
INSERT INTO user(username,first_name,last_name,email,bio,age,date_Joined,date_Begin_Sublet,date_End_Sublet,pets,password,zipcode,requestID) VALUES ('bmatthiso','Belicia','Matthis','bmatthiso@soundcloud.com','quis turpis eget elit sodales scelerisque mauris sit amet eros suspendisse accumsan',48,'02/09/2023','04/29/2022','05/22/2022','true','kqLaVahk','532663',32);
INSERT INTO user(username,first_name,last_name,email,bio,age,date_Joined,date_Begin_Sublet,date_End_Sublet,pets,password,zipcode,requestID) VALUES ('lbourbonp','Leeann','Bourbon','lbourbonp@oaic.gov.au','pede libero quis orci nullam molestie nibh in lectus pellentesque',36,'06/27/2022','11/12/2022','09/22/2022','true','aaaoA635','7005-838',3);
INSERT INTO user(username,first_name,last_name,email,bio,age,date_Joined,date_Begin_Sublet,date_End_Sublet,pets,password,zipcode,requestID) VALUES ('vkerwinq','Venita','Kerwin','vkerwinq@symantec.com','vel nisl duis ac nibh fusce lacus purus aliquet at feugiat non pretium',32,'07/24/2022','12/07/2022','04/17/2023','false','GvrAYBbhh','27710',59);
INSERT INTO user(username,first_name,last_name,email,bio,age,date_Joined,date_Begin_Sublet,date_End_Sublet,pets,password,zipcode,requestID) VALUES ('vmaundersr','Valentin','Maunders','vmaundersr@berkeley.edu','tortor quis turpis sed ante vivamus tortor duis mattis egestas metus aenean fermentum donec ut mauris',45,'10/01/2022','05/30/2022','11/14/2022','false','Hdw05E5B',NULL,21);
INSERT INTO user(username,first_name,last_name,email,bio,age,date_Joined,date_Begin_Sublet,date_End_Sublet,pets,password,zipcode,requestID) VALUES ('asuttabys','Amelia','Suttaby','asuttabys@squidoo.com','vivamus vestibulum sagittis sapien cum sociis natoque penatibus et magnis dis parturient montes nascetur ridiculus mus etiam',50,'05/02/2022','10/01/2022','10/07/2022','false','o8fqLgO','7202',87);
INSERT INTO user(username,first_name,last_name,email,bio,age,date_Joined,date_Begin_Sublet,date_End_Sublet,pets,password,zipcode,requestID) VALUES ('cdonet','Codee','Done','cdonet@webmd.com','ac neque duis bibendum morbi non quam nec dui luctus rutrum nulla tellus in sagittis',49,'01/03/2023','05/30/2022','04/30/2022','false','vo1IeNW5','4580-389',56);
INSERT INTO user(username,first_name,last_name,email,bio,age,date_Joined,date_Begin_Sublet,date_End_Sublet,pets,password,zipcode,requestID) VALUES ('cbootonu','Celinka','Booton','cbootonu@fastcompany.com','condimentum curabitur in libero ut massa volutpat convallis morbi odio odio',38,'04/07/2023','12/09/2022','10/09/2022','false','B6TWxF',NULL,81);
INSERT INTO user(username,first_name,last_name,email,bio,age,date_Joined,date_Begin_Sublet,date_End_Sublet,pets,password,zipcode,requestID) VALUES ('athornleyv','Adelaida','Thornley','athornleyv@apache.org','erat quisque erat eros viverra eget congue eget semper rutrum nulla nunc purus phasellus in felis donec semper',47,'11/21/2022','03/31/2023','07/16/2022','false','geBwzaCSq','346527',43);
INSERT INTO user(username,first_name,last_name,email,bio,age,date_Joined,date_Begin_Sublet,date_End_Sublet,pets,password,zipcode,requestID) VALUES ('mcushew','Michael','Cushe','mcushew@a8.net','habitasse platea dictumst maecenas ut massa quis augue luctus tincidunt nulla mollis molestie lorem quisque ut erat curabitur gravida nisi',35,'09/03/2022','08/02/2022','01/10/2023','true','ElYC1vJqI','34108',36);
INSERT INTO user(username,first_name,last_name,email,bio,age,date_Joined,date_Begin_Sublet,date_End_Sublet,pets,password,zipcode,requestID) VALUES ('jmarcx','Jeffry','Marc','jmarcx@noaa.gov','etiam vel augue vestibulum rutrum rutrum neque aenean auctor gravida sem praesent id massa id nisl venenatis lacinia',20,'03/21/2023','04/27/2022','07/26/2022','true','xL1Km0',NULL,61);
INSERT INTO user(username,first_name,last_name,email,bio,age,date_Joined,date_Begin_Sublet,date_End_Sublet,pets,password,zipcode,requestID) VALUES ('kdallisony','Kiley','Dallison','kdallisony@cyberchimps.com','enim blandit mi in porttitor pede justo eu massa donec dapibus duis at velit eu est',21,'06/04/2022','12/12/2022','05/14/2022','false','xsGIx6Tq','471 29',52);
INSERT INTO user(username,first_name,last_name,email,bio,age,date_Joined,date_Begin_Sublet,date_End_Sublet,pets,password,zipcode,requestID) VALUES ('bbertelmotz','Bronny','Bertelmot','bbertelmotz@unc.edu','nec euismod scelerisque quam turpis adipiscing lorem vitae mattis nibh ligula nec sem duis aliquam convallis nunc proin at turpis',19,'11/20/2022','06/21/2022','06/25/2022','true','Dbdoh8t97K','353721',93);
INSERT INTO user(username,first_name,last_name,email,bio,age,date_Joined,date_Begin_Sublet,date_End_Sublet,pets,password,zipcode,requestID) VALUES ('rgirardoni10','Raul','Girardoni','rgirardoni10@list-manage.com','nulla facilisi cras non velit nec nisi vulputate nonummy maecenas tincidunt lacus at velit vivamus vel nulla',26,'02/03/2023','03/16/2023','09/18/2022','false','SjnRB1','788 32',14);
INSERT INTO user(username,first_name,last_name,email,bio,age,date_Joined,date_Begin_Sublet,date_End_Sublet,pets,password,zipcode,requestID) VALUES ('ylipprose11','Yolande','Lipprose','ylipprose11@gnu.org','dictumst etiam faucibus cursus urna ut tellus nulla ut erat id mauris vulputate',21,'03/22/2023','03/19/2023','09/12/2022','true','bFeq88QX2MHb',NULL,42);
INSERT INTO user(username,first_name,last_name,email,bio,age,date_Joined,date_Begin_Sublet,date_End_Sublet,pets,password,zipcode,requestID) VALUES ('hhallas12','Hedvig','Hallas','hhallas12@home.pl','a odio in hac habitasse platea dictumst maecenas ut massa quis augue luctus tincidunt nulla mollis molestie lorem quisque',45,'08/17/2022','04/10/2023','09/17/2022','false','8qCTjiZF',NULL,23);
INSERT INTO user(username,first_name,last_name,email,bio,age,date_Joined,date_Begin_Sublet,date_End_Sublet,pets,password,zipcode,requestID) VALUES ('gbinyon13','Gwenni','Binyon','gbinyon13@blogtalkradio.com','posuere cubilia curae duis faucibus accumsan odio curabitur convallis duis consequat dui nec nisi volutpat eleifend donec ut',25,'09/21/2022','11/20/2022','05/05/2022','true','3TrDAw9Ry6','5840',25);
INSERT INTO user(username,first_name,last_name,email,bio,age,date_Joined,date_Begin_Sublet,date_End_Sublet,pets,password,zipcode,requestID) VALUES ('aplayford14','Aylmar','Playford','aplayford14@dedecms.com','nullam orci pede venenatis non sodales sed tincidunt eu felis',39,'07/28/2022','11/28/2022','03/11/2023','true','LKhZecyzm1e','2307',54);
INSERT INTO user(username,first_name,last_name,email,bio,age,date_Joined,date_Begin_Sublet,date_End_Sublet,pets,password,zipcode,requestID) VALUES ('jmcgeffen15','Joyan','McGeffen','jmcgeffen15@miibeian.gov.cn','pretium nisl ut volutpat sapien arcu sed augue aliquam erat volutpat in congue etiam justo etiam pretium iaculis justo',23,'03/06/2023','11/13/2022','03/04/2023','true','REuh41gAq','11511',24);
INSERT INTO user(username,first_name,last_name,email,bio,age,date_Joined,date_Begin_Sublet,date_End_Sublet,pets,password,zipcode,requestID) VALUES ('emayall16','Elmer','Mayall','emayall16@phpbb.com','parturient montes nascetur ridiculus mus vivamus vestibulum sagittis sapien cum',45,'07/17/2022','05/12/2022','02/08/2023','false','aKJR2InK',NULL,99);
INSERT INTO user(username,first_name,last_name,email,bio,age,date_Joined,date_Begin_Sublet,date_End_Sublet,pets,password,zipcode,requestID) VALUES ('imaciaszek17','Irwin','Maciaszek','imaciaszek17@skyrock.com','eget tempus vel pede morbi porttitor lorem id ligula suspendisse ornare consequat lectus in est risus auctor',37,'12/02/2022','08/20/2022','02/19/2023','false','u9FKNdHZ',NULL,4);
INSERT INTO user(username,first_name,last_name,email,bio,age,date_Joined,date_Begin_Sublet,date_End_Sublet,pets,password,zipcode,requestID) VALUES ('krodear18','Kissee','Rodear','krodear18@nydailynews.com','augue luctus tincidunt nulla mollis molestie lorem quisque ut erat curabitur gravida nisi at nibh in hac habitasse',50,'11/10/2022','02/27/2023','02/17/2023','true','rxlszNsgS','606243',89);
INSERT INTO user(username,first_name,last_name,email,bio,age,date_Joined,date_Begin_Sublet,date_End_Sublet,pets,password,zipcode,requestID) VALUES ('yronaghan19','Yorgos','Ronaghan','yronaghan19@geocities.com','vel pede morbi porttitor lorem id ligula suspendisse ornare consequat',30,'04/23/2022','12/13/2022','05/18/2022','false','hRRmeYWafDz',NULL,34);
INSERT INTO user(username,first_name,last_name,email,bio,age,date_Joined,date_Begin_Sublet,date_End_Sublet,pets,password,zipcode,requestID) VALUES ('lollis1a','Lonna','Ollis','lollis1a@miibeian.gov.cn','pede justo eu massa donec dapibus duis at velit eu est congue elementum in hac',45,'04/29/2022','02/04/2023','02/27/2023','false','c3SKJ5sZ04SW','4022',55);
INSERT INTO user(username,first_name,last_name,email,bio,age,date_Joined,date_Begin_Sublet,date_End_Sublet,pets,password,zipcode,requestID) VALUES ('hmoraleda1b','Harmon','Moraleda','hmoraleda1b@noaa.gov','pretium quis lectus suspendisse potenti in eleifend quam a odio in hac habitasse platea dictumst maecenas ut massa quis',42,'07/20/2022','01/23/2023','08/31/2022','false','UK9IlEt',NULL,71);
INSERT INTO user(username,first_name,last_name,email,bio,age,date_Joined,date_Begin_Sublet,date_End_Sublet,pets,password,zipcode,requestID) VALUES ('cbritland1c','Charissa','Britland','cbritland1c@com.com','volutpat eleifend donec ut dolor morbi vel lectus in quam fringilla rhoncus',20,'01/21/2023','08/27/2022','07/06/2022','false','r8mqDv',NULL,15);
INSERT INTO user(username,first_name,last_name,email,bio,age,date_Joined,date_Begin_Sublet,date_End_Sublet,pets,password,zipcode,requestID) VALUES ('mvela1d','Marlena','Vela','mvela1d@addtoany.com','diam erat fermentum justo nec condimentum neque sapien placerat ante',23,'06/07/2022','02/01/2023','10/30/2022','true','0e7ttuhumApb',NULL,23);
INSERT INTO user(username,first_name,last_name,email,bio,age,date_Joined,date_Begin_Sublet,date_End_Sublet,pets,password,zipcode,requestID) VALUES ('lrehorek1e','Leif','Rehorek','lrehorek1e@smugmug.com','ut nunc vestibulum ante ipsum primis in faucibus orci luctus et ultrices posuere cubilia curae mauris',50,'12/25/2022','06/23/2022','12/21/2022','false','66X8LGiX','177089',39);
INSERT INTO user(username,first_name,last_name,email,bio,age,date_Joined,date_Begin_Sublet,date_End_Sublet,pets,password,zipcode,requestID) VALUES ('chixson1f','Candra','Hixson','chixson1f@bloomberg.com','dignissim vestibulum vestibulum ante ipsum primis in faucibus orci luctus et ultrices posuere cubilia curae nulla',48,'01/24/2023','05/31/2022','08/25/2022','false','xhM9FcdAcF6','69115-000',14);
INSERT INTO user(username,first_name,last_name,email,bio,age,date_Joined,date_Begin_Sublet,date_End_Sublet,pets,password,zipcode,requestID) VALUES ('tmullaney1g','Tiffie','Mullaney','tmullaney1g@spotify.com','donec odio justo sollicitudin ut suscipit a feugiat et eros vestibulum ac est lacinia nisi venenatis tristique fusce congue',49,'11/20/2022','03/14/2023','09/01/2022','false','MXoTnVywtFlA',NULL,27);
INSERT INTO user(username,first_name,last_name,email,bio,age,date_Joined,date_Begin_Sublet,date_End_Sublet,pets,password,zipcode,requestID) VALUES ('dfindley1h','Dareen','Findley','dfindley1h@guardian.co.uk','nascetur ridiculus mus vivamus vestibulum sagittis sapien cum sociis natoque penatibus et',34,'01/04/2023','05/27/2022','12/19/2022','false','Wrnxj97s','39282',21);
INSERT INTO user(username,first_name,last_name,email,bio,age,date_Joined,date_Begin_Sublet,date_End_Sublet,pets,password,zipcode,requestID) VALUES ('bmonnery1i','Bethany','Monnery','bmonnery1i@virginia.edu','sed justo pellentesque viverra pede ac diam cras pellentesque volutpat dui maecenas',48,'07/04/2022','11/30/2022','02/13/2023','true','oeFSjZUaEe','417 17',45);
INSERT INTO user(username,first_name,last_name,email,bio,age,date_Joined,date_Begin_Sublet,date_End_Sublet,pets,password,zipcode,requestID) VALUES ('breily1j','Barnaby','Reily','breily1j@psu.edu','faucibus accumsan odio curabitur convallis duis consequat dui nec nisi volutpat eleifend',31,'08/19/2022','08/07/2022','02/17/2023','true','rUpgnxT0','4405',34);
INSERT INTO user(username,first_name,last_name,email,bio,age,date_Joined,date_Begin_Sublet,date_End_Sublet,pets,password,zipcode,requestID) VALUES ('ebiddlestone1k','Emilie','Biddlestone','ebiddlestone1k@wikispaces.com','rhoncus mauris enim leo rhoncus sed vestibulum sit amet cursus id turpis integer aliquet massa',27,'09/08/2022','03/30/2023','12/15/2022','false','ywCK7bdNWzLj','5611',44);
INSERT INTO user(username,first_name,last_name,email,bio,age,date_Joined,date_Begin_Sublet,date_End_Sublet,pets,password,zipcode,requestID) VALUES ('jbilston1l','Jeremiah','Bilston','jbilston1l@google.cn','pulvinar lobortis est phasellus sit amet erat nulla tempus vivamus in felis eu sapien cursus vestibulum proin eu mi nulla',26,'10/01/2022','10/24/2022','06/20/2022','true','9jCf7gs5li','296 24',94);
INSERT INTO user(username,first_name,last_name,email,bio,age,date_Joined,date_Begin_Sublet,date_End_Sublet,pets,password,zipcode,requestID) VALUES ('dcelle1m','Dukie','Celle','dcelle1m@cyberchimps.com','potenti cras in purus eu magna vulputate luctus cum sociis natoque',32,'02/01/2023','07/20/2022','12/09/2022','true','ORzjdvYl8W',NULL,83);
INSERT INTO user(username,first_name,last_name,email,bio,age,date_Joined,date_Begin_Sublet,date_End_Sublet,pets,password,zipcode,requestID) VALUES ('lskipton1n','Luca','Skipton','lskipton1n@goodreads.com','nulla tellus in sagittis dui vel nisl duis ac nibh fusce lacus purus',18,'10/01/2022','03/05/2023','12/06/2022','true','jdjaanHvUv9',NULL,76);
INSERT INTO user(username,first_name,last_name,email,bio,age,date_Joined,date_Begin_Sublet,date_End_Sublet,pets,password,zipcode,requestID) VALUES ('csprulls1o','Chrissy','Sprulls','csprulls1o@dion.ne.jp','sit amet eleifend pede libero quis orci nullam molestie nibh in',18,'06/29/2022','12/22/2022','07/07/2022','true','Of6Qxyr',NULL,22);
INSERT INTO user(username,first_name,last_name,email,bio,age,date_Joined,date_Begin_Sublet,date_End_Sublet,pets,password,zipcode,requestID) VALUES ('rmully1p','Rhody','Mully','rmully1p@pinterest.com','praesent blandit nam nulla integer pede justo lacinia eget tincidunt eget',35,'09/19/2022','07/03/2022','10/09/2022','false','DiUVanx',NULL,39);
INSERT INTO user(username,first_name,last_name,email,bio,age,date_Joined,date_Begin_Sublet,date_End_Sublet,pets,password,zipcode,requestID) VALUES ('rfawdrie1q','Rosemaria','Fawdrie','rfawdrie1q@shinystat.com','vulputate vitae nisl aenean lectus pellentesque eget nunc donec quis',41,'06/23/2022','08/14/2022','09/18/2022','true','4DEJmlJIc2sS',NULL,69);
INSERT INTO user(username,first_name,last_name,email,bio,age,date_Joined,date_Begin_Sublet,date_End_Sublet,pets,password,zipcode,requestID) VALUES ('lpuddefoot1r','Linc','Puddefoot','lpuddefoot1r@scientificamerican.com','consequat in consequat ut nulla sed accumsan felis ut at dolor quis odio',19,'05/22/2022','05/06/2022','04/11/2023','true','BPEm94aQspv','366913',25);
INSERT INTO user(username,first_name,last_name,email,bio,age,date_Joined,date_Begin_Sublet,date_End_Sublet,pets,password,zipcode,requestID) VALUES ('cvarah1s','Christiano','Varah','cvarah1s@mayoclinic.com','lacinia eget tincidunt eget tempus vel pede morbi porttitor lorem id ligula suspendisse',42,'09/06/2022','05/10/2022','06/25/2022','false','BTn3KI',NULL,41);
INSERT INTO user(username,first_name,last_name,email,bio,age,date_Joined,date_Begin_Sublet,date_End_Sublet,pets,password,zipcode,requestID) VALUES ('saiers1t','Stevana','Aiers','saiers1t@de.vu','nisi vulputate nonummy maecenas tincidunt lacus at velit vivamus vel nulla eget eros elementum pellentesque quisque porta volutpat erat',47,'08/08/2022','05/21/2022','09/11/2022','true','hIPk0aS','32-082',36);
INSERT INTO user(username,first_name,last_name,email,bio,age,date_Joined,date_Begin_Sublet,date_End_Sublet,pets,password,zipcode,requestID) VALUES ('ccrosland1u','Cate','Crosland','ccrosland1u@acquirethisname.com','at turpis donec posuere metus vitae ipsum aliquam non mauris',27,'03/06/2023','04/09/2023','07/02/2022','false','uwnnxbm','15274',57);
INSERT INTO user(username,first_name,last_name,email,bio,age,date_Joined,date_Begin_Sublet,date_End_Sublet,pets,password,zipcode,requestID) VALUES ('rgherarducci1v','Ramon','Gherarducci','rgherarducci1v@cloudflare.com','nulla integer pede justo lacinia eget tincidunt eget tempus vel pede morbi porttitor lorem id ligula suspendisse ornare consequat lectus',46,'11/07/2022','08/28/2022','03/01/2023','true','aRJ31Q',NULL,100);
INSERT INTO user(username,first_name,last_name,email,bio,age,date_Joined,date_Begin_Sublet,date_End_Sublet,pets,password,zipcode,requestID) VALUES ('cjodlowski1w','Christian','Jodlowski','cjodlowski1w@meetup.com','vel nulla eget eros elementum pellentesque quisque porta volutpat erat quisque erat eros',41,'05/08/2022','04/26/2022','02/27/2023','false','lqfO781c','10200',29);
INSERT INTO user(username,first_name,last_name,email,bio,age,date_Joined,date_Begin_Sublet,date_End_Sublet,pets,password,zipcode,requestID) VALUES ('htippetts1x','Halli','Tippetts','htippetts1x@walmart.com','penatibus et magnis dis parturient montes nascetur ridiculus mus vivamus vestibulum sagittis sapien cum',45,'06/19/2022','07/05/2022','09/09/2022','true','4AOQWcJHV',NULL,35);
INSERT INTO user(username,first_name,last_name,email,bio,age,date_Joined,date_Begin_Sublet,date_End_Sublet,pets,password,zipcode,requestID) VALUES ('shurt1y','Stanton','Hurt','shurt1y@wikispaces.com','leo odio condimentum id luctus nec molestie sed justo pellentesque viverra pede ac diam cras pellentesque volutpat dui',38,'06/06/2022','12/15/2022','05/11/2022','true','n0rbd2Jm',NULL,11);
INSERT INTO user(username,first_name,last_name,email,bio,age,date_Joined,date_Begin_Sublet,date_End_Sublet,pets,password,zipcode,requestID) VALUES ('ntwigg1z','Nehemiah','Twigg','ntwigg1z@telegraph.co.uk','aliquet massa id lobortis convallis tortor risus dapibus augue vel accumsan tellus nisi eu orci mauris lacinia',26,'08/31/2022','07/12/2022','10/14/2022','false','Zgn1IKql0vVq',NULL,73);
INSERT INTO user(username,first_name,last_name,email,bio,age,date_Joined,date_Begin_Sublet,date_End_Sublet,pets,password,zipcode,requestID) VALUES ('dheales20','Dorothee','Heales','dheales20@weibo.com','faucibus accumsan odio curabitur convallis duis consequat dui nec nisi volutpat',34,'05/22/2022','02/28/2023','11/12/2022','true','pG8NfLBvZL5h',NULL,90);
INSERT INTO user(username,first_name,last_name,email,bio,age,date_Joined,date_Begin_Sublet,date_End_Sublet,pets,password,zipcode,requestID) VALUES ('jeymor21','Jeannette','Eymor','jeymor21@walmart.com','at velit vivamus vel nulla eget eros elementum pellentesque quisque porta volutpat erat quisque erat',18,'07/23/2022','01/22/2023','07/16/2022','true','fKO1uIhUEJv','63110',55);
INSERT INTO user(username,first_name,last_name,email,bio,age,date_Joined,date_Begin_Sublet,date_End_Sublet,pets,password,zipcode,requestID) VALUES ('lgorbell22','Liz','Gorbell','lgorbell22@bing.com','platea dictumst etiam faucibus cursus urna ut tellus nulla ut erat id mauris vulputate elementum nullam varius',50,'03/12/2023','11/25/2022','12/05/2022','false','oRb5SvlQ',NULL,76);
INSERT INTO user(username,first_name,last_name,email,bio,age,date_Joined,date_Begin_Sublet,date_End_Sublet,pets,password,zipcode,requestID) VALUES ('lschaumaker23','Lovell','Schaumaker','lschaumaker23@zimbio.com','quam sapien varius ut blandit non interdum in ante vestibulum ante',25,'02/18/2023','06/01/2022','10/14/2022','false','aWifpUcJUlb','05-090',24);
INSERT INTO user(username,first_name,last_name,email,bio,age,date_Joined,date_Begin_Sublet,date_End_Sublet,pets,password,zipcode,requestID) VALUES ('gdangelo24','Godwin','D'' Angelo','gdangelo24@washingtonpost.com','ornare consequat lectus in est risus auctor sed tristique in tempus sit amet sem fusce consequat nulla',27,'10/20/2022','06/06/2022','04/09/2023','false','bROp6Xo2o','429337',60);
INSERT INTO user(username,first_name,last_name,email,bio,age,date_Joined,date_Begin_Sublet,date_End_Sublet,pets,password,zipcode,requestID) VALUES ('ctunnoch25','Carie','Tunnoch','ctunnoch25@wisc.edu','ac tellus semper interdum mauris ullamcorper purus sit amet nulla quisque arcu libero rutrum ac lobortis vel dapibus at diam',37,'04/01/2023','08/28/2022','12/19/2022','false','XlCozG0',NULL,73);
INSERT INTO user(username,first_name,last_name,email,bio,age,date_Joined,date_Begin_Sublet,date_End_Sublet,pets,password,zipcode,requestID) VALUES ('rprinn26','Rogers','Prinn','rprinn26@ehow.com','blandit non interdum in ante vestibulum ante ipsum primis in faucibus orci luctus et ultrices posuere cubilia',34,'08/09/2022','02/20/2023','04/28/2022','true','yA2pTU1IRbA','L-3330',84);
INSERT INTO user(username,first_name,last_name,email,bio,age,date_Joined,date_Begin_Sublet,date_End_Sublet,pets,password,zipcode,requestID) VALUES ('cheamus27','Chip','Heamus','cheamus27@ustream.tv','etiam justo etiam pretium iaculis justo in hac habitasse platea dictumst',28,'10/03/2022','05/25/2022','04/23/2022','true','Yr5dlCBJEOjd','2615-284',61);
INSERT INTO user(username,first_name,last_name,email,bio,age,date_Joined,date_Begin_Sublet,date_End_Sublet,pets,password,zipcode,requestID) VALUES ('bfalkingham28','Blondy','Falkingham','bfalkingham28@homestead.com','suspendisse accumsan tortor quis turpis sed ante vivamus tortor duis mattis',19,'06/19/2022','12/15/2022','01/18/2023','false','5W2mr1OjU','59182-000',87);
INSERT INTO user(username,first_name,last_name,email,bio,age,date_Joined,date_Begin_Sublet,date_End_Sublet,pets,password,zipcode,requestID) VALUES ('aculshaw29','Alejandro','Culshaw','aculshaw29@ustream.tv','justo in blandit ultrices enim lorem ipsum dolor sit amet consectetuer adipiscing elit proin interdum',28,'08/07/2022','06/26/2022','12/24/2022','false','MfZagjYy',NULL,21);
INSERT INTO user(username,first_name,last_name,email,bio,age,date_Joined,date_Begin_Sublet,date_End_Sublet,pets,password,zipcode,requestID) VALUES ('rgoacher2a','Reta','Goacher','rgoacher2a@ted.com','mauris sit amet eros suspendisse accumsan tortor quis turpis sed ante vivamus tortor duis mattis',26,'06/07/2022','06/28/2022','02/24/2023','true','hxH8sGptVMp','16565',76);
INSERT INTO user(username,first_name,last_name,email,bio,age,date_Joined,date_Begin_Sublet,date_End_Sublet,pets,password,zipcode,requestID) VALUES ('jsnelman2b','Janith','Snelman','jsnelman2b@artisteer.com','sapien iaculis congue vivamus metus arcu adipiscing molestie hendrerit at vulputate vitae nisl aenean lectus pellentesque eget nunc donec quis',30,'08/22/2022','08/25/2022','05/31/2022','true','IPy4MUbWm','815 24',75);
INSERT INTO user(username,first_name,last_name,email,bio,age,date_Joined,date_Begin_Sublet,date_End_Sublet,pets,password,zipcode,requestID) VALUES ('larnot2c','Lexi','Arnot','larnot2c@jugem.jp','ac consequat metus sapien ut nunc vestibulum ante ipsum primis in faucibus orci luctus et ultrices posuere cubilia curae mauris',31,'05/29/2022','12/11/2022','12/18/2022','false','DsawpgG','35510-000',30);
INSERT INTO user(username,first_name,last_name,email,bio,age,date_Joined,date_Begin_Sublet,date_End_Sublet,pets,password,zipcode,requestID) VALUES ('lohollegan2d','Laney','O''Hollegan','lohollegan2d@howstuffworks.com','velit nec nisi vulputate nonummy maecenas tincidunt lacus at velit vivamus vel nulla eget eros elementum',23,'11/09/2022','01/19/2023','08/03/2022','false','P3W51L','34-125',89);
INSERT INTO user(username,first_name,last_name,email,bio,age,date_Joined,date_Begin_Sublet,date_End_Sublet,pets,password,zipcode,requestID) VALUES ('efernando2e','Early','Fernando','efernando2e@wordpress.com','venenatis turpis enim blandit mi in porttitor pede justo eu massa donec dapibus duis at velit',42,'02/09/2023','06/21/2022','10/25/2022','false','XnvmLiAf','36-047',51);
INSERT INTO user(username,first_name,last_name,email,bio,age,date_Joined,date_Begin_Sublet,date_End_Sublet,pets,password,zipcode,requestID) VALUES ('dloggie2f','Deanne','Loggie','dloggie2f@nationalgeographic.com','ut volutpat sapien arcu sed augue aliquam erat volutpat in congue etiam justo etiam pretium iaculis justo in hac',24,'08/30/2022','01/17/2023','02/28/2023','true','OBeWDFT','768 02',97);
INSERT INTO user(username,first_name,last_name,email,bio,age,date_Joined,date_Begin_Sublet,date_End_Sublet,pets,password,zipcode,requestID) VALUES ('llythgoe2g','Lorianne','Lythgoe','llythgoe2g@webmd.com','hac habitasse platea dictumst maecenas ut massa quis augue luctus tincidunt nulla mollis molestie lorem quisque ut erat curabitur',24,'10/03/2022','08/29/2022','08/07/2022','true','1CbqQ5Ws8uxZ',NULL,62);
INSERT INTO user(username,first_name,last_name,email,bio,age,date_Joined,date_Begin_Sublet,date_End_Sublet,pets,password,zipcode,requestID) VALUES ('hwombwell2h','Hamish','Wombwell','hwombwell2h@bravesites.com','semper sapien a libero nam dui proin leo odio porttitor id consequat',20,'05/26/2022','11/01/2022','11/04/2022','false','NKFY9UB0i2',NULL,58);
INSERT INTO user(username,first_name,last_name,email,bio,age,date_Joined,date_Begin_Sublet,date_End_Sublet,pets,password,zipcode,requestID) VALUES ('hstibbs2i','Hatty','Stibbs','hstibbs2i@ox.ac.uk','pellentesque at nulla suspendisse potenti cras in purus eu magna vulputate luctus cum sociis natoque',31,'01/19/2023','05/30/2022','12/13/2022','true','T7tmIIlxr9',NULL,85);
INSERT INTO user(username,first_name,last_name,email,bio,age,date_Joined,date_Begin_Sublet,date_End_Sublet,pets,password,zipcode,requestID) VALUES ('evigars2j','Ernie','Vigars','evigars2j@woothemes.com','ac leo pellentesque ultrices mattis odio donec vitae nisi nam ultrices libero non mattis pulvinar nulla pede ullamcorper',18,'07/25/2022','06/01/2022','04/14/2023','true','QVBGPb08','2530-063',61);
INSERT INTO user(username,first_name,last_name,email,bio,age,date_Joined,date_Begin_Sublet,date_End_Sublet,pets,password,zipcode,requestID) VALUES ('msnodden2k','Mandie','Snodden','msnodden2k@dell.com','penatibus et magnis dis parturient montes nascetur ridiculus mus vivamus vestibulum sagittis sapien cum sociis natoque',23,'10/05/2022','09/11/2022','01/10/2023','true','ONlNs4pC',NULL,4);
INSERT INTO user(username,first_name,last_name,email,bio,age,date_Joined,date_Begin_Sublet,date_End_Sublet,pets,password,zipcode,requestID) VALUES ('fripley2l','Ferd','Ripley','fripley2l@bing.com','pede ullamcorper augue a suscipit nulla elit ac nulla sed vel enim sit amet nunc viverra dapibus nulla suscipit',22,'12/17/2022','04/01/2023','04/02/2023','false','90HOuc1Jy',NULL,76);
INSERT INTO user(username,first_name,last_name,email,bio,age,date_Joined,date_Begin_Sublet,date_End_Sublet,pets,password,zipcode,requestID) VALUES ('lhalhead2m','Lavinie','Halhead','lhalhead2m@salon.com','phasellus sit amet erat nulla tempus vivamus in felis eu sapien cursus vestibulum proin eu mi nulla ac enim in',40,'08/11/2022','08/31/2022','08/19/2022','false','culkIxd7Um','77-141',54);
INSERT INTO user(username,first_name,last_name,email,bio,age,date_Joined,date_Begin_Sublet,date_End_Sublet,pets,password,zipcode,requestID) VALUES ('ohammonds2n','Olin','Hammonds','ohammonds2n@tiny.cc','integer a nibh in quis justo maecenas rhoncus aliquam lacus morbi quis tortor id nulla ultrices aliquet',40,'04/24/2022','08/22/2022','08/05/2022','false','PQ1elGl7T','9334',69);
INSERT INTO user(username,first_name,last_name,email,bio,age,date_Joined,date_Begin_Sublet,date_End_Sublet,pets,password,zipcode,requestID) VALUES ('dtaleworth2o','Diann','Taleworth','dtaleworth2o@google.es','iaculis justo in hac habitasse platea dictumst etiam faucibus cursus urna ut tellus nulla',37,'12/31/2022','12/29/2022','09/13/2022','false','9BDowiB',NULL,17);
INSERT INTO user(username,first_name,last_name,email,bio,age,date_Joined,date_Begin_Sublet,date_End_Sublet,pets,password,zipcode,requestID) VALUES ('jbuchanan2p','Jackelyn','Buchanan','jbuchanan2p@diigo.com','convallis nunc proin at turpis a pede posuere nonummy integer non',31,'11/22/2022','02/11/2023','10/27/2022','false','DTSF29d','2252',63);
INSERT INTO user(username,first_name,last_name,email,bio,age,date_Joined,date_Begin_Sublet,date_End_Sublet,pets,password,zipcode,requestID) VALUES ('imartinie2q','Iorgos','Martinie','imartinie2q@nyu.edu','nam ultrices libero non mattis pulvinar nulla pede ullamcorper augue a suscipit nulla',26,'02/16/2023','08/15/2022','06/29/2022','true','KFDWiKXRSicq',NULL,94);
INSERT INTO user(username,first_name,last_name,email,bio,age,date_Joined,date_Begin_Sublet,date_End_Sublet,pets,password,zipcode,requestID) VALUES ('bnestle2r','Bernelle','Nestle','bnestle2r@shutterfly.com','odio justo sollicitudin ut suscipit a feugiat et eros vestibulum ac est lacinia nisi venenatis tristique fusce congue diam id',49,'01/26/2023','12/06/2022','10/05/2022','true','xcNHR9HKbzI',NULL,26);


SET FOREIGN_KEY_CHECKS=@OLD_FOREIGN_KEY_CHECKS;
SET UNIQUE_CHECKS=@OLD_UNIQUE_CHECKS;
